2/19/13,102.349998,101.900002
2/20/13,102.18,101.080002
2/21/13,101.169998,100.690002
2/22/13,101.07,101.160004
2/25/13,101.639999,100.089996
2/26/13,100.099998,99.449997
2/27/13,99.669998,100.730003
2/28/13,101.07,101.290001
3/1/13,100.82,101.419998
3/4/13,101.260002,103.43
3/5/13,103.68,103.150002
3/6/13,103.150002,102.559998
3/7/13,103.550003,101.970001
3/8/13,102.580002,103.040001
3/11/13,103.550003,102.440002
3/12/13,103.610001,103.75
3/13/13,103.989998,103.419998
3/14/13,103.269997,102.910004
3/15/13,102.550003,101.75
3/18/13,101.339996,101.68
3/19/13,101.860001,102.120003
3/20/13,102.440002,103.080002
3/21/13,102.849998,103.519997
3/22/13,103.459999,105.110001
3/25/13,105.190002,105.470001
3/26/13,105.690002,105.970001
3/27/13,105.239998,106.639999
3/28/13,106.660004,106.110001
4/1/13,106,105.809998
4/2/13,106.269997,107.68
4/3/13,107.5,106.360001
4/4/13,106.260002,106.360001
4/5/13,105.300003,105.800003
4/8/13,106.449997,107.040001
4/9/13,107.25,105.790001
4/10/13,105.730003,105.75
4/11/13,105.879997,106.010002
4/12/13,106.139999,106.129997
4/15/13,105.449997,104.209999
4/16/13,104.730003,105.550003
4/17/13,104.769997,104.769997
4/18/13,104.760002,103.610001
4/19/13,103.199997,104.449997
4/22/13,104.43,105.160004
4/23/13,105.739998,107.25
4/24/13,107.459999,107.830002
4/25/13,108.349998,109.129997
4/26/13,108.900002,109.269997
4/29/13,109.300003,108.629997
4/30/13,108.120003,108.43
5/1/13,108.129997,108.220001
5/2/13,108.169998,108.690002
5/3/13,109.93,109.75
5/6/13,109.709999,109.089996
5/7/13,109.019997,109.709999
5/8/13,109.900002,109.610001
5/9/13,109.879997,109.139999
5/10/13,109.410004,109.989998
5/13/13,109.690002,110.010002
5/14/13,110.290001,111.389999
5/15/13,110.860001,112.82
5/16/13,112.589996,111.510002
5/17/13,112.209999,113.050003
5/20/13,113.059998,112.019997
5/21/13,112.480003,113.480003
5/22/13,113.330002,113.379997
5/23/13,112.730003,113.190002
5/24/13,112.480003,114.389999
5/28/13,115.099998,114.830002
5/29/13,114.529999,112.949997
5/30/13,114.279999,111.879997
5/31/13,112.120003,109.629997
6/3/13,109.919998,110.879997
6/4/13,110.860001,110.660004
6/5/13,110.120003,109.169998
6/6/13,109.540001,111.089996
6/7/13,111.239998,110.580002
6/10/13,110.93,110.309998
6/11/13,109.75,110.019997
6/12/13,110.75,109.400002
6/13/13,109.169998,110.879997
6/14/13,110.370003,111
6/17/13,111.75,111.699997
6/18/13,111.540001,112.089996
6/19/13,112.230003,110.190002
6/20/13,109.730003,107.559998
6/21/13,108.389999,108.650002
6/24/13,107.459999,109.639999
6/25/13,110.68,110.25
6/26/13,110.449997,111.18
6/27/13,111.57,111.489998
6/28/13,111.209999,110.57
7/1/13,111.550003,110.43
7/2/13,110.629997,110.849998
7/3/13,110.43,110.910004
7/5/13,112.239998,111.760002
7/8/13,112.339996,112.620003
7/9/13,113.089996,113.349998
7/10/13,113.480003,113.650002
7/11/13,114.839996,115.889999
7/12/13,115.470001,116.459999
7/15/13,116,115.889999
7/16/13,116.169998,116.529999
7/17/13,116.959999,117.400002
7/18/13,117.339996,117.059998
7/19/13,117.580002,118.07
7/22/13,118.82,118.050003
7/23/13,118.370003,119.099998
7/24/13,119,117.900002
7/25/13,117.089996,117.449997
7/26/13,116.769997,116.57
7/29/13,116.480003,117.139999
7/30/13,117.839996,116.93
7/31/13,117.550003,117.419998
8/1/13,118.07,118.339996
8/2/13,118.300003,119.370003
8/5/13,119.449997,120.07
8/6/13,119.239998,119.5
8/7/13,119.150002,119.339996
8/8/13,118.059998,117.389999
8/9/13,116.860001,115.629997
8/12/13,115.589996,115.730003
8/13/13,116.339996,115.650002
8/14/13,115.150002,113.779999
8/15/13,112.459999,111.790001
8/16/13,111.769997,111.900002
8/19/13,111.900002,112.080002
8/20/13,112.239998,112.839996
8/21/13,112.629997,111.959999
8/22/13,112.050003,112.239998
8/23/13,112.589996,113.07
8/26/13,113,111.870003
8/27/13,111.230003,111.669998
8/28/13,111.720001,110.459999
8/29/13,110.290001,111.389999
8/30/13,111.739998,111.870003
9/3/13,112.809998,111.980003
9/4/13,111.989998,111.5
9/5/13,113,114.620003
9/6/13,114.300003,114.349998
9/9/13,114.169998,115.349998
9/10/13,115.849998,117.32
9/11/13,117.57,119.25
9/12/13,119.059998,118.190002
9/13/13,118.529999,117.029999
9/16/13,118.360001,117.349998
9/17/13,117.300003,117.910004
9/18/13,117.68,118.639999
9/19/13,119.07,119.199997
9/20/13,119.360001,117.940002
9/23/13,117.080002,117.57
9/24/13,117.32,116.339996
9/25/13,116.449997,115.410004
9/26/13,115.889999,116.400002
9/27/13,115.610001,115.720001
9/30/13,115.029999,115.169998
10/1/13,115.110001,115
10/2/13,114.620003,114.82
10/3/13,114.339996,114.419998
10/4/13,114.18,114.440002
10/7/13,113.809998,113.410004
10/8/13,113.489998,112.209999
10/9/13,111.080002,114.589996
10/10/13,114.980003,115.699997
10/11/13,115.160004,115.900002
10/14/13,115.010002,116.260002
10/15/13,115.760002,115.360001
10/16/13,116.269997,117.360001
10/17/13,117.230003,118.260002
10/18/13,118.32,117.639999
10/21/13,117.410004,117.379997
10/22/13,117.18,117.809998
10/23/13,117.25,117.160004
10/24/13,115.540001,116.239998
10/25/13,115.970001,116.440002
10/28/13,116.199997,117.349998
10/29/13,117.669998,118.75
10/30/13,118.589996,117.760002
10/31/13,117.860001,118
11/1/13,118.709999,119.620003
11/4/13,120,120.339996
11/5/13,120.150002,120.129997
11/6/13,120.440002,124.07
11/7/13,124.739998,122.779999
11/8/13,122.209999,122.779999
11/11/13,122.739998,123.019997
11/12/13,121.610001,122.449997
11/13/13,121.910004,123.169998
11/14/13,123.389999,123.739998
11/15/13,123.660004,124.290001
11/18/13,124.660004,123.309998
11/19/13,123.540001,123.629997
11/20/13,124,122.760002
11/21/13,122.949997,123.889999
11/22/13,124.260002,125.209999
11/25/13,125.669998,125.169998
11/26/13,125.209999,125.18
11/27/13,125.650002,125.379997
11/29/13,125.699997,125.43
12/2/13,125.660004,123.690002
12/3/13,123.720001,123.82
12/4/13,123.260002,122.970001
12/5/13,121.5,120.949997
12/6/13,122,122.059998
12/9/13,122.82,121.660004
12/10/13,121.190002,120.040001
12/11/13,118.099998,118.57
12/12/13,118.519997,118.220001
12/13/13,119.010002,117.910004
12/16/13,117.919998,118
12/17/13,118.169998,117.550003
12/18/13,117.779999,118.5
12/19/13,117.839996,117.989998
12/20/13,117.690002,118.529999
12/23/13,119.099998,118.690002
12/24/13,118.690002,118.690002
12/26/13,118.68,118.629997
12/27/13,118.870003,118.529999
12/30/13,118.949997,118.769997
12/31/13,119.190002,119.019997
1/2/14,118.709999,117.809998
1/3/14,118.209999,117.290001
1/6/14,117.489998,116.400002
1/7/14,116.389999,115.860001
1/8/14,116.040001,114.050003
1/9/14,116.199997,118.510002
1/10/14,118.199997,117.849998
1/13/14,117.059998,114.769997
1/14/14,115.199997,116.230003
1/15/14,116.07,116.239998
1/16/14,116.440002,115.559998
1/17/14,115.599998,116.290001
1/21/14,115.610001,114.93
1/22/14,115.010002,113.75
1/23/14,113.5,112.800003
1/24/14,112.690002,112.129997
1/27/14,112.559998,113.080002
1/28/14,113.529999,114.379997
1/29/14,114.050003,112.230003
1/30/14,112.75,112.730003
1/31/14,111.290001,112.360001
2/3/14,112.959999,110.18
2/4/14,110.730003,110.889999
2/5/14,110.220001,110.510002
2/6/14,113.010002,114.260002
2/7/14,114.080002,114.040001
2/10/14,114.040001,113.849998
2/11/14,113.910004,114.989998
2/12/14,114.879997,114.809998
2/13/14,114.139999,115.809998
2/14/14,115.160004,116.099998
2/18/14,116.300003,115.360001
2/19/14,115.110001,114.910004
2/20/14,114.57,115.059998
2/21/14,115.400002,113.190002
2/24/14,113.459999,113.940002
2/25/14,114,115.459999
2/26/14,115.5,115.879997
2/27/14,116.029999,116.220001
2/28/14,116.5,116.800003
3/3/14,116.220001,115.75
3/4/14,116.610001,116.650002
3/5/14,116.57,116.470001
3/6/14,113.150002,113.260002
3/7/14,113.800003,113.5
3/10/14,113.209999,114.589996
3/11/14,114.559998,114.709999
3/12/14,114.389999,115.209999
3/13/14,115.660004,114.410004
3/14/14,114.949997,113.449997
3/17/14,114.139999,113.459999
3/18/14,113.900002,113.849998
3/19/14,113.540001,112.849998
3/20/14,112.559998,113.160004
3/21/14,114.410004,113.830002
3/24/14,113.989998,113.370003
3/25/14,113.82,113.93
3/26/14,114.279999,112.489998
3/27/14,112.5,112.029999
3/28/14,112.349998,111.660004
3/31/14,111.940002,111.68
4/1/14,112.209999,111.860001
4/2/14,111.900002,111.550003
4/3/14,111.739998,111.699997
4/4/14,111.949997,110.650002
4/7/14,110.730003,110.790001
4/8/14,110.559998,112.660004
4/9/14,112.720001,113.050003
4/10/14,114.120003,112.080002
4/11/14,111.440002,112.080002
4/14/14,112.489998,112.559998
4/15/14,112.580002,112.059998
4/16/14,112.800003,113.489998
4/17/14,113.519997,113.5
4/21/14,113.510002,114.099998
4/22/14,114,113.559998
4/23/14,113.480003,114.790001
4/24/14,114.900002,115.029999
4/25/14,114.849998,115.010002
4/28/14,115.099998,115.589996
4/29/14,115.379997,115.400002
4/30/14,115.040001,115.68
5/1/14,115.68,115.559998
5/2/14,116.139999,115.150002
5/5/14,115.059998,114.489998
5/6/14,114.279999,112.830002
5/7/14,112.830002,111.980003
5/8/14,113.080002,114.730003
5/9/14,114.550003,115.389999
5/12/14,115.779999,116.510002
5/13/14,116.32,116.290001
5/14/14,115.730003,115.129997
5/15/14,114.760002,114.349998
5/16/14,114.580002,115.610001
5/19/14,115.089996,116.370003
5/20/14,115.790001,115.129997
5/21/14,115.099998,114.519997
5/22/14,114.529999,114.730003
5/23/14,115.07,114.940002
5/27/14,115,113.870003
5/28/14,114,114.239998
5/29/14,114.580002,114.139999
5/30/14,114.610001,116.019997
6/2/14,115.839996,115.68
6/3/14,115.470001,115.510002
6/4/14,115.290001,116.309998
6/5/14,117,117.75
6/6/14,117.690002,118.230003
6/9/14,118.209999,117.779999
6/10/14,117.370003,117.099998
6/11/14,116.459999,116.239998
6/12/14,116.129997,115.440002
6/13/14,115.699997,115.300003
6/16/14,115.32,115.43
6/17/14,115.400002,115.449997
6/18/14,115.660004,116.269997
6/19/14,116.57,116.260002
6/20/14,116.650002,115.360001
6/23/14,115.199997,115.220001
6/24/14,115.529999,116.309998
6/25/14,116,116.269997
6/26/14,116.239998,115.639999
6/27/14,115.629997,115.489998
6/30/14,115.620003,115.160004
7/1/14,115.540001,115.440002
7/2/14,115.25,115.75
7/3/14,115.860001,116.349998
7/7/14,116.330002,116.32
7/8/14,116.449997,117.459999
7/9/14,117.209999,117.919998
7/10/14,117.5,118.080002
7/11/14,118.129997,118.010002
7/14/14,118.209999,117.360001
7/15/14,118.160004,117.82
7/16/14,118.089996,117.849998
7/17/14,117.349998,116.790001
7/18/14,117.32,117.739998
7/21/14,117.43,117.040001
7/22/14,117.279999,117.550003
7/23/14,117.410004,117.589996
7/24/14,117.5,118.139999
7/25/14,117.959999,117.550003
7/28/14,117.440002,117.120003
7/29/14,118.93,118.900002
7/30/14,118.790001,118.18
7/31/14,117.540001,117.540001
8/1/14,117.800003,117.879997
8/4/14,117.550003,118.150002
8/5/14,117.5,118.050003
8/6/14,117.949997,119.589996
8/7/14,118.220001,117.800003
8/8/14,117.959999,119.160004
8/11/14,119.400002,119.18
8/12/14,118.769997,119.010002
8/13/14,119,118.639999
8/14/14,118.510002,119.260002
8/15/14,119.910004,118.57
8/18/14,119,119.459999
8/19/14,119.379997,120.610001
8/20/14,120.449997,120.910004
8/21/14,120.790001,121.620003
8/22/14,121.900002,121.290001
8/25/14,121.790001,121.389999
8/26/14,121.43,121.089996
8/27/14,121.580002,121.239998
8/28/14,121.010002,120.970001
8/29/14,121.68,121.080002
9/2/14,121,121.559998
9/3/14,121.699997,121.349998
9/4/14,123,125.150002
9/5/14,125.040001,127.010002
9/8/14,127.050003,126.599998
9/9/14,126.139999,126.110001
9/10/14,126.309998,126.169998
9/11/14,126.160004,125.940002
9/12/14,126.25,125.370003
9/15/14,125.57,125.709999
9/16/14,125.599998,126.43
9/17/14,126.029999,126.010002
9/18/14,126.209999,126.480003
9/19/14,127.290001,126.5
9/22/14,126.370003,125.830002
9/23/14,125.959999,125.510002
9/24/14,126.089996,127.620003
9/25/14,127.449997,125.660004
9/26/14,125.410004,125.540001
9/29/14,125.029999,125.32
9/30/14,124.860001,125.32
10/1/14,125.25,124.760002
10/2/14,124.989998,125.790001
10/3/14,126.199997,127.089996
10/6/14,127.559998,126.209999
10/7/14,125.349998,125.269997
10/8/14,128.199997,128.729996
10/9/14,128.220001,128.410004
10/10/14,128.259995,128.899994
10/13/14,128.570007,126.970001
10/14/14,127.5,126.25
10/15/14,125.099998,124.300003
10/16/14,122.68,122.949997
10/17/14,123.769997,124.650002
10/20/14,124.830002,128.419998
10/21/14,128.940002,130.279999
10/22/14,130.559998,130.539993
10/23/14,131.029999,130.589996
10/24/14,128.580002,130.440002
10/27/14,129.240005,130.919998
10/28/14,130.970001,131.059998
10/29/14,131.289993,131.929993
10/30/14,131.5,133
10/31/14,134.449997,133.369995
11/3/14,133.820007,134.270004
11/4/14,134.610001,136.550003
11/5/14,137.490005,136.5
11/6/14,137.389999,137.089996
11/7/14,137.050003,137.710007
11/10/14,137.850006,137.690002
11/11/14,137.779999,137.050003
11/12/14,136.699997,136.899994
11/13/14,137.639999,138.710007
11/14/14,138.929993,138.479996
11/17/14,137.210007,138.470001
11/18/14,138.479996,139.210007
11/19/14,139.089996,140.009995
11/20/14,139.059998,139.25
11/21/14,140.800003,139.720001
11/24/14,139.330002,139.800003
11/25/14,140.100006,138.869995
11/26/14,139.5,139.75
11/28/14,141.300003,142.119995
12/1/14,143.320007,141.979996
12/2/14,142.429993,143.059998
12/3/14,142.979996,142.690002
12/4/14,143.490005,143.020004
12/5/14,143.179993,143.25
12/8/14,143.050003,142.330002
12/9/14,142.130005,143.039993
12/10/14,144.940002,140.25
12/11/14,141.089996,141.410004
12/12/14,139.990005,137.880005
12/15/14,138.649994,138.190002
12/16/14,138.529999,137.309998
12/17/14,137.309998,139.330002
12/18/14,140.179993,141.559998
12/19/14,141.5,141.770004
12/22/14,142.339996,143.210007
12/23/14,144.529999,144.149994
12/24/14,144.559998,143.649994
12/26/14,143.610001,143.440002
12/29/14,143.350006,143.339996
12/30/14,143,143.490005
12/31/14,143.490005,141.75
1/2/15,141.869995,141.610001
1/5/15,141.690002,140
1/6/15,140.610001,141.850006
1/7/15,142.600006,144.320007
1/8/15,145.559998,145.559998
1/9/15,144.479996,143.320007
1/12/15,143.580002,142.520004
1/13/15,142.199997,141.089996
1/14/15,140.009995,139.309998
1/15/15,139.949997,139.309998
1/16/15,139.039993,139.720001
1/20/15,140.720001,139.380005
1/21/15,138.850006,139.139999
1/22/15,139.5,141.270004
1/23/15,141.589996,142.050003
1/26/15,141.660004,142.910004
1/27/15,142.75,140.990005
1/28/15,141.600006,139.619995
1/29/15,140.160004,140.639999
1/30/15,143.089996,142.990005
2/2/15,144,146
2/3/15,146.360001,153.75
2/4/15,152.080002,155.919998
2/5/15,149.5,149.089996
2/6/15,149.210007,148.699997
2/9/15,148.699997,147.539993
2/10/15,147.990005,148.220001
2/11/15,148.389999,147.460007
2/12/15,148.009995,147.759995
2/13/15,148.229996,147.100006
2/17/15,147,147.529999
2/18/15,147.160004,147.229996
2/19/15,146.899994,146.669998
2/20/15,146.669998,147.539993
2/23/15,148,148.389999
2/24/15,149.380005,148.210007
2/25/15,147.699997,147.479996
2/26/15,147.070007,146.649994
2/27/15,147.559998,146.960007
3/2/15,147.320007,147.940002
3/3/15,147.940002,147.369995
3/4/15,147.839996,147.169998
3/5/15,150.770004,151.169998
3/6/15,149.289993,149.539993
3/9/15,149.789993,150.679993
3/10/15,149.75,148.160004
3/11/15,148.330002,147.399994
3/12/15,148.380005,149.440002
3/13/15,149.089996,149.279999
3/16/15,149.720001,149.990005
3/17/15,149.389999,150.029999
3/18/15,150,150.929993
3/19/15,151,151.309998
3/20/15,152.130005,152.589996
3/23/15,153.149994,152.929993
3/24/15,152.949997,153.139999
3/25/15,153.550003,151.089996
3/26/15,149.320007,150.059998
3/27/15,150.210007,150.470001
3/30/15,150.910004,152.369995
3/31/15,151.839996,151.5
4/1/15,151.830002,150.240005
4/2/15,150.470001,151.630005
4/6/15,151.369995,152.5
4/7/15,152.529999,151.779999
4/8/15,152.229996,152
4/9/15,150.570007,148.809998
4/10/15,149.399994,149.639999
4/13/15,149.440002,149.020004
4/14/15,149,149.520004
4/15/15,149.580002,149.070007
4/16/15,148.759995,147.110001
4/17/15,146.580002,144.570007
4/20/15,146.649994,146.309998
4/21/15,146.979996,147.339996
4/22/15,147.929993,146.979996
4/23/15,146.600006,147.300003
4/24/15,147.330002,148.119995
4/27/15,148.300003,146.960007
4/28/15,146.889999,146.610001
4/29/15,145.880005,144.460007
4/30/15,143.850006,143.050003
5/1/15,143.460007,145.389999
5/4/15,145.389999,145.75
5/5/15,145.119995,144.5
5/6/15,145.350006,144.770004
5/7/15,144.520004,144.559998
5/8/15,146,145.880005
5/11/15,145.539993,144.270004
5/12/15,144,144.070007
5/13/15,143.880005,143.240005
5/14/15,144.130005,142.600006
5/15/15,143.220001,144.830002
5/18/15,144.740005,145.059998
5/19/15,144.809998,144.740005
5/20/15,145.059998,143.490005
5/21/15,143.369995,143.940002
5/22/15,143.899994,143.679993
5/26/15,144.080002,143.25
5/27/15,143.630005,145.419998
5/28/15,144.320007,144.259995
5/29/15,143.779999,142.589996
6/1/15,143.050003,142.389999
6/2/15,141.970001,141.399994
6/3/15,141.669998,142.130005
6/4/15,141.369995,140.649994
6/5/15,140.740005,138.779999
6/8/15,138.910004,138.050003
6/9/15,137.919998,138.039993
6/10/15,138.320007,139.429993
6/11/15,139.639999,139.320007
6/12/15,139.059998,138.779999
6/15/15,137.940002,137.229996
6/16/15,137.199997,137.979996
6/17/15,137.940002,138.880005
6/18/15,139.490005,140.5
6/19/15,140.589996,140.300003
6/22/15,140.839996,140.190002
6/23/15,140.440002,139.649994
6/24/15,139.339996,138.339996
6/25/15,138.449997,137.449997
6/26/15,137.940002,138.059998
6/29/15,137.009995,135.690002
6/30/15,136.380005,135.059998
7/1/15,135.789993,136.490005
7/2/15,137,136.389999
7/6/15,135.149994,135.880005
7/7/15,136.300003,140.5
7/8/15,139.979996,139.899994
7/9/15,141.350006,139.449997
7/10/15,141.710007,142.720001
7/13/15,143.860001,144.059998
7/14/15,143.649994,143.929993
7/15/15,143.929993,143.630005
7/16/15,144.149994,144.330002
7/17/15,144.119995,144.679993
7/20/15,144.580002,145.039993
7/21/15,145.190002,144.940002
7/22/15,145.220001,146.380005
7/23/15,146.850006,145.600006
7/24/15,145.710007,144.990005
7/27/15,144.779999,144.25
7/28/15,144.529999,144.550003
7/29/15,144.800003,145.380005
7/30/15,145.149994,145.300003
7/31/15,146.190002,145.300003
8/3/15,145.779999,145.520004
8/4/15,145.110001,144.839996
8/5/15,145.830002,146.889999
8/6/15,147.149994,146.440002
8/7/15,146.020004,145.259995
8/10/15,146.300003,146.25
8/11/15,145.279999,145.889999
8/12/15,144.949997,146.490005
8/13/15,146.360001,145.270004
8/14/15,144.880005,146.089996
8/17/15,145.149994,146.089996
8/18/15,146.160004,145.630005
8/19/15,145.389999,145.169998
8/20/15,144.289993,143.710007
8/21/15,142.220001,138.990005
8/24/15,131.970001,132.970001
8/25/15,136.779999,132.710007
8/26/15,136.110001,138.160004
8/27/15,140.470001,140.210007
8/28/15,139.75,139.949997
8/31/15,139.25,140.050003
9/1/15,137.580002,138.300003
9/2/15,139.830002,140.419998
9/3/15,140.940002,140.479996
9/4/15,138.800003,138.479996
9/8/15,140.539993,141.429993
9/9/15,142.350006,139.679993
9/10/15,139.039993,140.009995
9/11/15,139.850006,141.050003
9/14/15,141.179993,141.149994
9/15/15,141.320007,142.429993
9/16/15,142.210007,143.610001
9/17/15,143.899994,143.350006
9/18/15,142.139999,141.809998
9/21/15,142.360001,143.210007
9/22/15,141.820007,142.649994
9/23/15,143.460007,145.429993
9/24/15,144.369995,144.869995
9/25/15,145.949997,145.550003
9/28/15,145.389999,143.550003
9/29/15,143.039993,143.720001
9/30/15,143.539993,144.570007
10/1/15,144.850006,144.559998
10/2/15,143.25,145.860001
10/5/15,146.240005,148.070007
10/6/15,148.149994,148.410004
10/7/15,148.720001,147.960007
10/8/15,147.610001,151.660004
10/9/15,150.759995,153.970001
10/12/15,153.970001,153.630005
10/13/15,153.229996,152.279999
10/14/15,152.309998,149.839996
10/15/15,150.830002,151.770004
10/16/15,152.320007,152.059998
10/19/15,152.050003,153.220001
10/20/15,153.720001,154.559998
10/21/15,154.800003,155.210007
10/22/15,155.429993,158.149994
10/23/15,158.699997,155.740005
10/26/15,152.059998,156.729996
10/27/15,157.270004,157.759995
10/28/15,157.5,157.759995
10/29/15,157.059998,158.279999
10/30/15,158,158.119995
11/2/15,158.990005,159.149994
11/3/15,158.399994,158.800003
11/4/15,159,157.149994
11/5/15,154.149994,156.270004
11/6/15,156.490005,157.550003
11/9/15,156.809998,155.160004
11/10/15,155.130005,156.410004
11/11/15,155.979996,156.389999
11/12/15,156.119995,156
11/13/15,155.070007,153.669998
11/16/15,153.809998,156.449997
11/17/15,157.350006,158.889999
11/18/15,158.889999,161.25
11/19/15,161.690002,162.830002
11/20/15,164.160004,163.100006
11/23/15,163.529999,163.449997
11/24/15,162.259995,162.190002
11/25/15,162.039993,162.389999
11/27/15,163.110001,163.580002
11/30/15,164.169998,161.419998
12/1/15,162.020004,161.289993
12/2/15,161.710007,161.089996
12/3/15,164.509995,163.669998
12/4/15,164.119995,166.800003
12/7/15,167.330002,167.119995
12/8/15,166.740005,168.869995
12/9/15,162.720001,159.720001
12/10/15,160.929993,161.860001
12/11/15,159.729996,160.020004
12/14/15,160.089996,161.839996
12/15/15,163.320007,161.289993
12/16/15,161.949997,162.759995
12/17/15,162.440002,160.679993
12/18/15,159.789993,157.699997
12/21/15,158.809998,159.389999
12/22/15,159.899994,161.229996
12/23/15,162.429993,161.710007
12/24/15,161.850006,161.75
12/28/15,161.050003,161.160004
12/29/15,161.899994,162.660004
12/30/15,162.960007,162.710007
12/31/15,162.080002,161.5
1/4/16,159.809998,159.539993
1/5/16,160.169998,159.929993
1/6/16,158.360001,158.449997
1/7/16,154.850006,154.820007
1/8/16,155.279999,152.110001
1/11/16,152.300003,154.720001
1/12/16,155.710007,156.059998
1/13/16,155.970001,152.119995
1/14/16,151.960007,153.179993
1/15/16,149.289993,150.389999
1/19/16,151.789993,150.470001
1/20/16,148.460007,148.820007
1/21/16,148.970001,150.380005
1/22/16,152.179993,153.690002
1/25/16,154.070007,150.779999
1/26/16,150.779999,148.5
1/27/16,149.289993,147.729996
1/28/16,148.550003,149.589996
1/29/16,149.5,151.119995
2/1/16,150.839996,151.25
2/2/16,149.990005,148.5
2/3/16,149.279999,146.699997
2/4/16,145,143.279999
2/5/16,143.270004,143.990005
2/8/16,142.740005,147.020004
2/9/16,146.240005,147.940002
2/10/16,149.369995,148.050003
2/11/16,147.130005,146.649994
2/12/16,147.979996,148.649994
2/16/16,149.350006,149.110001
2/17/16,149.75,150.910004
2/18/16,149.130005,148.649994
2/19/16,149,148.699997
2/22/16,149.630005,150.059998
2/23/16,149.889999,150.360001
2/24/16,150.029999,153.869995
2/25/16,154.690002,154.720001
2/26/16,153.089996,149.679993
2/29/16,149.990005,150.029999
3/1/16,150.399994,150.520004
3/2/16,151.130005,152.789993
3/3/16,148.559998,151.600006
3/4/16,151.740005,150.899994
3/7/16,149.960007,148.169998
3/8/16,147.660004,150.949997
3/9/16,151.350006,153.050003
3/10/16,153.210007,152.869995
3/11/16,153.850006,152.710007
3/14/16,152.259995,152.669998
3/15/16,151.800003,154.179993
3/16/16,153.699997,154.059998
3/17/16,153.820007,153.839996
3/18/16,154.580002,153.149994
3/21/16,152.820007,153.940002
3/22/16,153.210007,152.229996
3/23/16,152.179993,153.509995
3/24/16,153.240005,151.429993
3/28/16,151.800003,152.669998
3/29/16,152.770004,155.259995
3/30/16,155.910004,157.600006
3/31/16,157.960007,157.580002
4/1/16,157.869995,158.25
4/4/16,158.679993,157.729996
4/5/16,157.889999,155.990005
4/6/16,155.809998,156.770004
4/7/16,154.419998,152.029999
4/8/16,152.979996,151.649994
4/11/16,151.339996,149.050003
4/12/16,149.600006,150.520004
4/13/16,151.570007,151.880005
4/14/16,152.589996,151.399994
4/15/16,151.960007,153.169998
4/18/16,152.779999,153.300003
4/19/16,153.779999,153.679993
4/20/16,153.720001,152.740005
4/21/16,152.490005,151.419998
4/22/16,151.050003,149.919998
4/25/16,149.979996,151.509995
4/26/16,152.080002,152.600006
4/27/16,152.240005,151.770004
4/28/16,152.009995,151.440002
4/29/16,150.009995,148.130005
5/2/16,148.759995,150.929993
5/3/16,150.080002,151.410004
5/4/16,150.119995,151.509995
5/5/16,148.979996,147.839996
5/6/16,147.059998,146.440002
5/9/16,146.830002,148.589996
5/10/16,149.380005,149.559998
5/11/16,148.389999,147.119995
5/12/16,147.320007,146.720001
5/13/16,146.330002,144.5
5/16/16,144.5,145.789993
5/17/16,145.5,143.600006
5/18/16,140.179993,141.289993
5/19/16,142.449997,142.699997
5/20/16,142.729996,142.690002
5/23/16,142.839996,142.009995
5/24/16,142.570007,142.570007
5/25/16,142.619995,144.539993
5/26/16,149.009995,149.710007
5/27/16,150.240005,149.080002
5/31/16,149.570007,148.770004
6/1/16,150.5,152.520004
6/2/16,150.050003,151.509995
6/3/16,150.300003,151.710007
6/6/16,151.830002,152.240005
6/7/16,152.080002,152.619995
6/8/16,152.679993,153.369995
6/9/16,153,154.050003
6/10/16,153,154.869995
6/13/16,154.759995,154.949997
6/14/16,154.550003,155.869995
6/15/16,155.699997,154.860001
6/16/16,154.860001,156.419998
6/17/16,157.029999,155.889999
6/20/16,157.380005,156.479996
6/21/16,157.070007,157.199997
6/22/16,157.610001,158.119995
6/23/16,158.600006,157.029999
6/24/16,153.160004,155.559998
6/27/16,154.240005,154.259995
6/28/16,154.660004,155.600006
6/29/16,156.440002,157.080002
6/30/16,156.960007,157.039993
7/1/16,157.190002,156.110001
7/5/16,156.080002,155.25
7/6/16,155.199997,156.009995
7/7/16,158.330002,163.699997
7/8/16,164.839996,165.440002
7/11/16,165.059998,166.720001
7/12/16,166.490005,166.279999
7/13/16,167,166.779999
7/14/16,167.149994,166.940002
7/15/16,167.440002,166.410004
7/18/16,166.559998,167.509995
7/19/16,167.5,168.119995
7/20/16,168.25,168.039993
7/21/16,167.429993,167.050003
7/22/16,167.679993,167.470001
7/25/16,167.169998,167.970001
7/26/16,167.600006,167.570007
7/27/16,167.160004,166.149994
7/28/16,166.259995,166.350006
7/29/16,166.639999,167.220001
8/1/16,167.149994,167.559998
8/2/16,167.070007,166.5
8/3/16,165.919998,166.119995
8/4/16,166.039993,166.550003
8/5/16,166.860001,167.699997
8/8/16,167.25,167.399994
8/9/16,167.740005,167.860001
8/10/16,167.440002,168.289993
8/11/16,169.110001,167.880005
8/12/16,167.160004,169.039993
8/15/16,169.039993,168.729996
8/16/16,167.880005,168.410004
8/17/16,167.449997,167.960007
8/18/16,168.419998,167.75
8/19/16,167.210007,168.020004
8/22/16,168.339996,167.940002
8/23/16,168.089996,167.360001
8/24/16,167.139999,167.570007
8/25/16,167.199997,164.860001
8/26/16,165.389999,163.929993
8/29/16,164.470001,163.979996
8/30/16,164.070007,161.960007
8/31/16,161.869995,162.089996
9/1/16,159,156.210007
9/2/16,156.809998,157.979996
9/6/16,158.130005,158.059998
9/7/16,157.639999,155.639999
9/8/16,155.190002,153.470001
9/9/16,152.589996,150.699997
9/12/16,150.5,151.690002
9/13/16,151.179993,150.740005
9/14/16,150.710007,150.690002
9/15/16,150.720001,152.669998
9/16/16,151.960007,152.350006
9/19/16,152.130005,151.789993
9/20/16,152.429993,152.169998
9/21/16,152.589996,152.699997
9/22/16,153.029999,153.149994
9/23/16,153.149994,152.529999
9/26/16,152.080002,151.190002
9/27/16,151.419998,150.449997
9/28/16,150.600006,149.410004
9/29/16,149.190002,147.490005
9/30/16,151.789993,152.509995
10/3/16,152.220001,151.009995
10/4/16,151.470001,150.479996
10/5/16,150.630005,149.979996
10/6/16,150.229996,149.470001
10/7/16,149.770004,149.990005
10/10/16,150.350006,150.279999
10/11/16,149.669998,151.009995
10/12/16,150.970001,150.460007
10/13/16,149.929993,150.220001
10/14/16,150.179993,150.149994
10/17/16,150.080002,148.699997
10/18/16,149.509995,149.110001
10/19/16,150.699997,149.449997
10/20/16,149.850006,150.039993
10/21/16,149.509995,148.970001
10/24/16,149.350006,152.119995
10/25/16,149.899994,150.990005
10/26/16,150.350006,150.979996
10/27/16,150.830002,150.860001
10/28/16,150.440002,149.759995
10/31/16,148.889999,147.869995
11/1/16,148.479996,146.660004
11/2/16,146.429993,146.270004
11/3/16,146.699997,144.449997
11/4/16,143,142.240005
11/7/16,143.380005,143.539993
11/8/16,143.889999,146.089996
11/9/16,143.539993,146.789993
11/10/16,147.059998,146.699997
11/11/16,146.610001,149.360001
11/14/16,150.919998,152
11/15/16,151.979996,151.149994
11/16/16,152.190002,152.139999
11/17/16,151.229996,151.199997
11/18/16,150.839996,150.360001
11/21/16,150.550003,151.169998
11/22/16,151.929993,152.669998
11/23/16,152.75,151.600006
11/25/16,151.889999,151.880005
11/28/16,151.050003,151.25
11/29/16,151.619995,151.479996
11/30/16,151.130005,150.110001
12/1/16,150.110001,151.740005
12/2/16,151.990005,152.089996
12/5/16,152.089996,151.770004
12/6/16,151.850006,151.009995
12/7/16,150.600006,153.850006
12/8/16,156.639999,157.589996
12/9/16,157.279999,159.699997
12/12/16,158.600006,160.330002
12/13/16,160.850006,159.770004
12/14/16,160.050003,158.990005
12/15/16,159.350006,160.110001
12/16/16,160.490005,160.410004
12/19/16,162.009995,163.460007
12/20/16,164.320007,163.860001
12/21/16,163.600006,163.039993
12/22/16,163.660004,162.070007
12/23/16,162.169998,162.080002
12/27/16,162.059998,162.050003
12/28/16,162.020004,161.009995
12/29/16,160.649994,161.130005
12/30/16,160.889999,160.110001
1/3/17,160.649994,159.729996
1/4/17,159.800003,159.759995
1/5/17,160.949997,162.910004
1/6/17,162.669998,162.830002
1/9/17,162.330002,160.970001
1/10/17,160.580002,161.660004
1/11/17,161.470001,161.539993
1/12/17,161.350006,161.869995
1/13/17,161.990005,161.860001
1/17/17,161.850006,163.809998
1/18/17,163.649994,164.270004
1/19/17,164.179993,163.699997
1/20/17,164.389999,164.240005
1/23/17,164.050003,163.009995
1/24/17,163.229996,163.669998
1/25/17,164.199997,164.139999
1/26/17,164.339996,164.070007
1/27/17,164.559998,162.059998
1/30/17,162.029999,163.25
1/31/17,162.490005,163.949997
2/1/17,163.839996,161.860001
2/2/17,166.839996,168.149994
2/3/17,167.720001,168.320007
2/6/17,168.179993,167.029999
2/7/17,167.529999,167.520004
2/8/17,167.5,168.419998
2/9/17,168.449997,170.960007
2/10/17,171.649994,172
2/13/17,172.490005,171.960007
2/14/17,171.660004,173.630005
2/15/17,173.179993,175
2/16/17,175.100006,175.75
2/17/17,175.470001,175.860001
2/21/17,176.550003,176.940002
2/22/17,177.070007,176.509995
2/23/17,176.520004,175.850006
2/24/17,175.220001,177.559998
2/27/17,177.330002,177.619995
2/28/17,176.949997,177.179993
3/1/17,177.369995,177.860001
3/2/17,177.5,177.979996
3/3/17,170.699997,170.259995
3/6/17,169.410004,166.729996
3/7/17,166.539993,167
3/8/17,167,166.240005
3/9/17,166.399994,165.770004
3/10/17,166.490005,165.369995
3/13/17,164.850006,164.550003
3/14/17,164.210007,165.240005
3/15/17,165.570007,166.539993
3/16/17,166.779999,167.059998
3/17/17,168.059998,167.809998
3/20/17,167.759995,167.440002
3/21/17,167.509995,166.779999
3/22/17,167.320007,167.679993
3/23/17,168,166.899994
3/24/17,167.369995,166.020004
3/27/17,165.529999,166.149994
3/28/17,166.110001,166.770004
3/29/17,166.279999,167.429993
3/30/17,167.300003,167.889999
3/31/17,167.589996,167.690002
4/3/17,167.740005,166.699997
4/4/17,166.600006,167.25
4/5/17,167.289993,167
4/6/17,169.679993,170.020004
4/7/17,169.699997,170.619995
4/10/17,170.199997,171.220001
4/11/17,170.789993,170.630005