2/19/13,55.580002,55.73
2/20/13,55.619999,54.599998
2/21/13,54.580002,54.169998
2/22/13,54.389999,54.25
2/25/13,54.599998,53.59
2/26/13,53.810001,53.900002
2/27/13,53.900002,54.48
2/28/13,54.540001,54.59
3/1/13,54.310001,55.330002
3/4/13,55.16,55.799999
3/5/13,55.950001,56.48
3/6/13,56.529999,56.360001
3/7/13,56.360001,56.32
3/8/13,56.560001,57.389999
3/11/13,57.389999,57.66
3/12/13,57.52,57.110001
3/13/13,57.16,57.34
3/14/13,57.349998,57.75
3/15/13,57.5,57.580002
3/18/13,57.080002,56.830002
3/19/13,56.830002,56.310001
3/20/13,56.59,56.939999
3/21/13,56.740002,56.310001
3/22/13,56.650002,56.779999
3/25/13,57,56.209999
3/26/13,56.41,56.630001
3/27/13,56.34,56.470001
3/28/13,56.59,56.799999
4/1/13,56.889999,56.689999
4/2/13,57.040001,57.459999
4/3/13,57.639999,57.25
4/4/13,57.279999,57.59
4/5/13,56.889999,57.700001
4/8/13,57.830002,58.82
4/9/13,58.720001,59.139999
4/10/13,59.369999,60.110001
4/11/13,60.110001,60.549999
4/12/13,60.290001,60.549999
4/15/13,60.259998,58.880001
4/16/13,59.259998,60.75
4/17/13,60.349998,60.68
4/18/13,60.639999,59.990002
4/19/13,60.25,61.560001
4/22/13,61.59,62.009998
4/23/13,62.400002,62.59
4/24/13,62.709999,61.939999
4/25/13,62.009998,62
4/26/13,62.060001,61.869999
4/29/13,62.82,63
4/30/13,62.93,62.84
5/1/13,62.880001,63.209999
5/2/13,63.400002,63.880001
5/3/13,64.18,64.800003
5/6/13,65.089996,65.059998
5/7/13,65.440002,66.07
5/8/13,66,65.989998
5/9/13,65.730003,66.669998
5/10/13,66.690002,67.199997
5/13/13,66.959999,67.32
5/14/13,67.43,67.470001
5/15/13,67.419998,67.669998
5/16/13,67.620003,66.470001
5/17/13,66.160004,66.580002
5/20/13,66.580002,66.120003
5/21/13,66.349998,65.830002
5/22/13,65.760002,65.57
5/23/13,64.870003,65.230003
5/24/13,64.75,65.489998
5/28/13,65.980003,66.690002
5/29/13,66.370003,66.260002
5/30/13,66.440002,64.650002
5/31/13,64.57,63.080002
6/3/13,63.060001,63.799999
6/4/13,63.93,64.349998
6/5/13,64.050003,63.119999
6/6/13,63.099998,63.139999
6/7/13,63.630001,64.849998
6/10/13,64.910004,63.830002
6/11/13,63.32,63.799999
6/12/13,64.32,62.990002
6/13/13,62.990002,64.300003
6/14/13,64.010002,63.799999
6/17/13,64.300003,64.489998
6/18/13,64.610001,65.290001
6/19/13,65.190002,64.330002
6/20/13,63.220001,61.98
6/21/13,62.619999,62.73
6/24/13,62.25,62.439999
6/25/13,62.880001,62.57
6/26/13,62.950001,63.209999
6/27/13,63.650002,63.720001
6/28/13,63.759998,63.150002
7/1/13,63.84,63.93
7/2/13,63.830002,63.259998
7/3/13,62.849998,63.610001
7/5/13,63.880001,63.82
7/8/13,64.279999,64.709999
7/9/13,65.32,64.940002
7/10/13,64.860001,64.910004
7/11/13,65.650002,66.580002
7/12/13,66.389999,66.980003
7/15/13,67.019997,65.93
7/16/13,65.949997,65.029999
7/17/13,65.419998,65.360001
7/18/13,65.699997,65.82
7/19/13,65.889999,65.160004
7/22/13,65.150002,64.400002
7/23/13,64.599998,64.449997
7/24/13,64.589996,64.639999
7/25/13,64.32,64.550003
7/26/13,64.470001,64.980003
7/29/13,64.800003,64.610001
7/30/13,64.699997,64.18
7/31/13,64.43,64.650002
8/1/13,65.160004,65.360001
8/2/13,65.559998,66.510002
8/5/13,66.5,66.019997
8/6/13,66.089996,67.050003
8/7/13,64.93,65.910004
8/8/13,66.339996,65.75
8/9/13,65.470001,64.730003
8/12/13,64.260002,63.93
8/13/13,64.260002,63.98
8/14/13,63.950001,63.959999
8/15/13,63.279999,62.380001
8/16/13,61.970001,62.169998
8/19/13,62.150002,61.830002
8/20/13,61.790001,61.880001
8/21/13,61.619999,61.139999
8/22/13,61.32,61.639999
8/23/13,61.959999,61.73
8/26/13,61.759998,61.349998
8/27/13,60.900002,60.689999
8/28/13,60.439999,60.810001
8/29/13,60.77,61.080002
8/30/13,61.139999,60.830002
9/3/13,61.419998,60.93
9/4/13,60.919998,61.110001
9/5/13,61.07,61.299999
9/6/13,61.470001,61.389999
9/9/13,61.599998,61.59
9/10/13,62.09,62.830002
9/11/13,63.119999,63.939999
9/12/13,63.799999,65.489998
9/13/13,65.870003,66.690002
9/16/13,67.32,66.940002
9/17/13,66.830002,66.980003
9/18/13,66.669998,67.110001
9/19/13,66.389999,65.720001
9/20/13,65.610001,65.010002
9/23/13,65.040001,64.75
9/24/13,64.940002,64.32
9/25/13,64.419998,64.449997
9/26/13,64.360001,65.239998
9/27/13,64.970001,65.190002
9/30/13,64.730003,64.489998
10/1/13,64.370003,64.830002
10/2/13,64.449997,64.879997
10/3/13,64.720001,64.019997
10/4/13,64.019997,65.300003
10/7/13,64.809998,64.589996
10/8/13,64.519997,64
10/9/13,64.019997,63.59
10/10/13,64.480003,65.580002
10/11/13,65.660004,66.209999
10/14/13,65.879997,66.830002
10/15/13,66.730003,66.440002
10/16/13,66.639999,66.349998
10/17/13,66.190002,66.419998
10/18/13,66.5,67.150002
10/21/13,67.269997,67.610001
10/22/13,67.940002,69
10/23/13,68.809998,68.120003
10/24/13,68.18,69.050003
10/25/13,69.32,69.260002
10/28/13,69.349998,69
10/29/13,69.120003,68.919998
10/30/13,69.220001,68.470001
10/31/13,68.470001,68.589996
11/1/13,68.709999,69.010002
11/4/13,69.410004,68.809998
11/5/13,68.769997,68.849998
11/6/13,69.18,69
11/7/13,69.339996,67.150002
11/8/13,66.870003,68.580002
11/11/13,68.480003,68.339996
11/12/13,68.330002,67.769997
11/13/13,67.43,68.970001
11/14/13,69.139999,70.019997
11/15/13,69.769997,70
11/18/13,70.059998,69.5
11/19/13,69.489998,69.120003
11/20/13,69.120003,69.230003
11/21/13,69.459999,69.940002
11/22/13,69.949997,70.199997
11/25/13,70.540001,69.739998
11/26/13,69.919998,71.18
11/27/13,71.209999,70.769997
11/29/13,71.040001,70.540001
12/2/13,70.790001,70.910004
12/3/13,70.220001,69.900002
12/4/13,69.419998,69.970001
12/5/13,70.290001,70.230003
12/6/13,70.970001,71.459999
12/9/13,71.360001,71.110001
12/10/13,70.910004,71.57
12/11/13,71.730003,70.519997
12/12/13,69.279999,69.629997
12/13/13,69.900002,69.620003
12/16/13,69.910004,70.510002
12/17/13,70.690002,70.660004
12/18/13,70.959999,72.199997
12/19/13,72.139999,72.970001
12/20/13,73.099998,72.400002
12/23/13,72.889999,73.279999
12/24/13,73.25,73.849998
12/26/13,73.949997,74.620003
12/27/13,74.650002,74.349998
12/30/13,74.989998,76.230003
12/31/13,76.279999,76.400002
1/2/14,76.040001,76.269997
1/3/14,76.300003,76.110001
1/6/14,76.529999,75.82
1/7/14,76.120003,76.339996
1/8/14,76.129997,75.220001
1/9/14,75.459999,74.900002
1/10/14,75.080002,75.389999
1/13/14,74.900002,73.269997
1/14/14,73.709999,74.449997
1/15/14,74.300003,74.279999
1/16/14,74.389999,74.209999
1/17/14,74.43,73.980003
1/21/14,73.989998,74.199997
1/22/14,74.080002,75.309998
1/23/14,74.529999,74.790001
1/24/14,74.099998,72.720001
1/27/14,72.470001,72.25
1/28/14,72.260002,72.879997
1/29/14,71.970001,71.330002
1/30/14,72.089996,73.220001
1/31/14,72.199997,72.610001
2/3/14,72.660004,69.989998
2/4/14,70.940002,71.050003
2/5/14,72.050003,71.760002
2/6/14,75.610001,75.559998
2/7/14,75.080002,75.669998
2/10/14,75.669998,77.059998
2/11/14,77.150002,77.790001
2/12/14,77.660004,77.910004
2/13/14,77.519997,77.900002
2/14/14,77.879997,79.230003
2/18/14,79.5,79.580002
2/19/14,79.5,78.870003
2/20/14,79.209999,79.190002
2/21/14,79.07,80.129997
2/24/14,80.5,80.730003
2/25/14,80.720001,80.209999
2/26/14,80.629997,80.080002
2/27/14,80,80.480003
2/28/14,80.839996,80.809998
3/3/14,80.300003,79.459999
3/4/14,80.599998,81.709999
3/5/14,82.220001,82.68
3/6/14,82.860001,83.339996
3/7/14,83.599998,82.209999
3/10/14,82.18,81.970001
3/11/14,82.190002,81.050003
3/12/14,80.589996,81.379997
3/13/14,81.75,79.93
3/14/14,79.849998,80.07
3/17/14,80.5,81.389999
3/18/14,81.529999,81.989998
3/19/14,82.25,80.519997
3/20/14,80.589996,80.809998
3/21/14,81.959999,80.349998
3/24/14,80.709999,79.489998
3/25/14,80.239998,79.550003
3/26/14,79.93,78.620003
3/27/14,78.300003,78.480003
3/28/14,78.730003,78.989998
3/31/14,79.699997,80.07
4/1/14,80.389999,81.57
4/2/14,81.720001,81.669998
4/3/14,81.919998,81.690002
4/4/14,82.32,80.43
4/7/14,80.419998,79.129997
4/8/14,79.269997,79.57
4/9/14,79.970001,80.470001
4/10/14,80.919998,77.510002
4/11/14,77.510002,77.010002
4/14/14,77.699997,77.620003
4/15/14,77.889999,77.660004
4/16/14,78.379997,78.949997
4/17/14,78.699997,79.989998
4/21/14,79.959999,79.110001
4/22/14,79.220001,79.449997
4/23/14,79.529999,79.519997
4/24/14,79.739998,79.589996
4/25/14,79.459999,78.230003
4/28/14,78.760002,77.779999
4/29/14,78.349998,78.639999
4/30/14,78.5,79.339996
5/1/14,79.349998,79.559998
5/2/14,79.620003,80.309998
5/5/14,80.419998,81.220001
5/6/14,81.589996,81.029999
5/7/14,81.650002,80.290001
5/8/14,80.209999,81.599998
5/9/14,81.269997,81.949997
5/12/14,82.080002,82.419998
5/13/14,82.43,82.080002
5/14/14,81.769997,80.919998
5/15/14,80.639999,80.150002
5/16/14,80.169998,80.389999
5/19/14,80.43,81.050003
5/20/14,80.940002,81.089996
5/21/14,81.419998,82.190002
5/22/14,82.190002,82.349998
5/23/14,82.190002,83.32
5/27/14,83.559998,83.739998
5/28/14,83.800003,83.599998
5/29/14,83.919998,84.029999
5/30/14,83.809998,84.010002
6/2/14,84.269997,84.269997
6/3/14,84.07,83.879997
6/4/14,83.849998,84.239998
6/5/14,84.370003,84.779999
6/6/14,84.910004,84.610001
6/9/14,84.599998,85.480003
6/10/14,85.400002,84.75
6/11/14,84.599998,84.309998
6/12/14,84.029999,82.800003
6/13/14,82.75,82.800003
6/16/14,82.639999,83.300003
6/17/14,82.980003,83.160004
6/18/14,83.18,83.580002
6/19/14,83.650002,83.769997
6/20/14,84.07,82.82
6/23/14,82.849998,82.760002
6/24/14,82.68,82.68
6/25/14,82.669998,83.900002
6/26/14,84.68,84.449997
6/27/14,84.129997,85.300003
6/30/14,85.440002,85.739998
7/1/14,85.809998,86.470001
7/2/14,86.580002,86.440002
7/3/14,86.699997,86.839996
7/7/14,86.610001,86.589996
7/8/14,86.190002,85.860001
7/9/14,86,87.220001
7/10/14,86.529999,86.860001
7/11/14,87,86.889999
7/14/14,87.459999,86.760002
7/15/14,86.580002,86.150002
7/16/14,86.690002,85.349998
7/17/14,85.330002,85.029999
7/18/14,85.440002,85.809998
7/21/14,85.809998,85.739998
7/22/14,86.370003,86.209999
7/23/14,86.309998,86.040001
7/24/14,86.5,86.800003
7/25/14,86.300003,86.230003
7/28/14,86.43,87.150002
7/29/14,87.290001,86.199997
7/30/14,86.620003,87.209999
7/31/14,86.589996,85.879997
8/1/14,85.389999,85.379997
8/4/14,86.169998,87.239998
8/5/14,87.139999,86.75
8/6/14,86.18,86.589996
8/7/14,86.989998,85.510002
8/8/14,85.650002,86.849998
8/11/14,87.07,87.5
8/12/14,87.150002,87.209999
8/13/14,87.739998,87.599998
8/14/14,88.029999,88.610001
8/15/14,89.019997,89.279999
8/18/14,89.660004,89.970001
8/19/14,90.129997,90.089996
8/20/14,89.919998,89.839996
8/21/14,90.059998,90.379997
8/22/14,90.129997,90.489998
8/25/14,90.949997,90.379997
8/26/14,90.610001,90.019997
8/27/14,90.139999,90.370003
8/28/14,89.980003,90.230003
8/29/14,90.32,89.879997
9/2/14,90.18,90.800003
9/3/14,91.059998,90.940002
9/4/14,90.870003,90.139999
9/5/14,90.139999,90.940002
9/8/14,90.760002,90.559998
9/9/14,90.5,89.599998
9/10/14,89.540001,89.519997
9/11/14,89.199997,89.970001
9/12/14,90.099998,89.669998
9/15/14,89.739998,90.080002
9/16/14,89.709999,90.269997
9/17/14,90.580002,90.330002
9/18/14,90.309998,90.339996
9/19/14,90.800003,90.489998
9/22/14,90.489998,89.290001
9/23/14,89.120003,88.309998
9/24/14,88.360001,89.449997
9/25/14,89.260002,88.07
9/26/14,88.150002,88.739998
9/29/14,88.120003,88.830002
9/30/14,88.839996,89.029999
10/1/14,89.080002,87.489998
10/2/14,87.5,86.790001
10/3/14,88.099998,88.449997
10/6/14,88.790001,88.559998
10/7/14,88,87.110001
10/8/14,87.059998,88.110001
10/9/14,88.029999,85.709999
10/10/14,85.919998,86.269997
10/13/14,85.919998,83.910004
10/14/14,84.75,84.139999
10/15/14,82.389999,82.080002
10/16/14,79.93,81.739998
10/17/14,82.68,83.830002
10/20/14,84.230003,85.519997
10/21/14,86.32,87.540001
10/22/14,87.940002,87.099998
10/23/14,88.209999,87.989998
10/24/14,87.910004,88.610001
10/27/14,88.470001,88.449997
10/28/14,89.040001,89.93
10/29/14,89.839996,89.529999
10/30/14,89.440002,90.220001
10/31/14,91.510002,91.379997
11/3/14,91.239998,91.709999
11/4/14,91.970001,90.349998
11/5/14,91.599998,91
11/6/14,91.290001,92
11/7/14,89.389999,90
11/10/14,90.239998,89.779999
11/11/14,90.010002,89.980003
11/12/14,89.769997,89.900002
11/13/14,90.099998,90.489998
11/14/14,90.68,90.800003
11/17/14,90.5,90.410004
11/18/14,90.330002,90.279999
11/19/14,90.260002,89.82
11/20/14,89.25,88.900002
11/21/14,89.690002,88.959999
11/24/14,89.32,90.580002
11/25/14,90.709999,91.650002
11/26/14,91.959999,91.919998
11/28/14,92.529999,92.510002
12/1/14,92.629997,92.699997
12/2/14,92.650002,93.470001
12/3/14,93.540001,93.110001
12/4/14,93.610001,93.230003
12/5/14,93.690002,93.760002
12/8/14,94.209999,93.800003
12/9/14,93.510002,92.940002
12/10/14,92.519997,91.629997
12/11/14,91.089996,91.75
12/12/14,91.18,91.489998
12/15/14,92.029999,90.900002
12/16/14,90.5,90.169998
12/17/14,90.360001,91.379997
12/18/14,92.190002,92.610001
12/19/14,92.339996,92.889999
12/22/14,93.389999,94.199997
12/23/14,94.480003,94.690002
12/24/14,94.690002,94.419998
12/26/14,94.739998,95.029999
12/29/14,94.739998,95.5
12/30/14,95.209999,94.699997
12/31/14,95.129997,94.190002
1/2/15,94.910004,93.75
1/5/15,93.279999,92.379997
1/6/15,92.57,91.889999
1/7/15,92.720001,92.830002
1/8/15,93.870003,93.790001
1/9/15,94.050003,94.25
1/12/15,94.690002,94.459999
1/13/15,95.279999,95.190002
1/14/15,94,94.230003
1/15/15,94.230003,94.349998
1/16/15,94,95.18
1/20/15,95.220001,94.739998
1/21/15,94.370003,94.169998
1/22/15,94.580002,95.150002
1/23/15,94.919998,94.720001
1/26/15,94.449997,94.970001
1/27/15,93.940002,93.970001
1/28/15,94.139999,92.669998
1/29/15,93.110001,93.220001
1/30/15,92.5,90.959999
2/2/15,91.300003,91.93
2/3/15,92.43,94.099998
2/4/15,99.389999,101.279999
2/5/15,100.760002,102.639999
2/6/15,102.669998,102.019997
2/9/15,101.800003,101.730003
2/10/15,101.959999,101.919998
2/11/15,102.010002,101.870003
2/12/15,102.160004,103.580002
2/13/15,103.730003,104.169998
2/17/15,104.230003,104.120003
2/18/15,103.400002,103.860001
2/19/15,104,103.889999
2/20/15,103.860001,104.550003
2/23/15,104.760002,104.989998
2/24/15,104.540001,104.669998
2/25/15,104.68,105.57
2/26/15,105.5,104.559998
2/27/15,104.669998,104.080002
3/2/15,104.349998,105.889999
3/3/15,105.779999,106.349998
3/4/15,105.860001,105.57
3/5/15,105.540001,105.029999
3/6/15,104.669998,103.82
3/9/15,103.940002,105.260002
3/10/15,104.269997,103.089996
3/11/15,103.510002,102.889999
3/12/15,103.849998,107.169998
3/13/15,107.279999,106.440002
3/16/15,106.839996,107.370003
3/17/15,107,106.959999
3/18/15,106.900002,107.970001
3/19/15,107.839996,107.370003
3/20/15,107.830002,108.43
3/23/15,108.599998,108.220001
3/24/15,107.720001,107.110001
3/25/15,107.449997,105
3/26/15,104.470001,105.239998
3/27/15,105.199997,105.480003
3/30/15,106.059998,106.120003
3/31/15,105.599998,104.889999
4/1/15,105.43,105.440002
4/2/15,105.489998,106
4/6/15,105.309998,105.629997
4/7/15,105.800003,105.43
4/8/15,105.230003,106.360001
4/9/15,106.510002,106.769997
4/10/15,106.730003,106.949997
4/13/15,107.07,106.510002
4/14/15,106.410004,106.660004
4/15/15,106.919998,106.980003
4/16/15,107.150002,108.099998
4/17/15,107.800003,106.690002
4/20/15,107.830002,108.220001
4/21/15,108.93,107.68
4/22/15,108.019997,107.940002
4/23/15,107.959999,109
4/24/15,109.529999,109.529999
4/27/15,111.5,110.160004
4/28/15,110.75,109.919998
4/29/15,109.660004,109.809998
4/30/15,109.68,108.720001
5/1/15,109.949997,110.519997
5/4/15,111.480003,111.029999
5/5/15,113.269997,110.809998
5/6/15,111.559998,109.720001
5/7/15,109.599998,109.260002
5/8/15,110.260002,110.110001
5/11/15,110.139999,108.599998
5/12/15,108.599998,109.239998
5/13/15,109.699997,109.190002
5/14/15,109.690002,109.93
5/15/15,110.099998,110.300003
5/18/15,110.470001,110.330002
5/19/15,110.690002,110.559998
5/20/15,110.779999,110.199997
5/21/15,110.040001,110.389999
5/22/15,110.300003,110.260002
5/26/15,110.169998,109.440002
5/27/15,109.510002,110.370003
5/28/15,110.110001,110.529999
5/29/15,110.330002,110.370003
6/1/15,111.480003,110.959999
6/2/15,110.919998,110.75
6/3/15,110.75,111.169998
6/4/15,110.949997,110.300003
6/5/15,110.300003,110.300003
6/8/15,110.029999,109.290001
6/9/15,109.349998,108.519997
6/10/15,108.900002,110
6/11/15,110.010002,110.620003
6/12/15,110.330002,109.949997
6/15/15,109.269997,110.18
6/16/15,110.349998,111.059998
6/17/15,111.199997,111.489998
6/18/15,111.830002,113.220001
6/19/15,112.830002,112.620003
6/22/15,113.400002,113.529999
6/23/15,113.93,114.410004
6/24/15,114.300003,113.769997
6/25/15,114.620003,114.449997
6/26/15,114.970001,114.989998
6/29/15,114.160004,113.050003
6/30/15,113.93,114.139999
7/1/15,114.949997,115.129997
7/2/15,115.379997,114.970001
7/6/15,114.470001,115.699997
7/7/15,116.419998,117.099998
7/8/15,116.5,115.190002
7/9/15,116.830002,115.599998
7/10/15,117.050003,116.440002
7/13/15,117.75,118.050003
7/14/15,118.029999,117.849998
7/15/15,118.040001,118.300003
7/16/15,119,119.07
7/17/15,118.690002,118.860001
7/20/15,119.290001,119.580002
7/21/15,119.760002,119.309998
7/22/15,119.279999,119.330002
7/23/15,119.300003,118.800003
7/24/15,119.349998,118.910004
7/27/15,118.629997,118.25
7/28/15,118.68,118.459999
7/29/15,118.849998,119.839996
7/30/15,119.709999,120.029999
7/31/15,120.120003,120
8/3/15,120.879997,121.120003
8/4/15,121.5,121.690002
8/5/15,110.830002,110.529999
8/6/15,110.400002,108.550003
8/7/15,108.75,109.349998
8/10/15,110,111
8/11/15,110.339996,108
8/12/15,107,106.989998
8/13/15,107.209999,107.519997
8/14/15,107.610001,107.160004
8/17/15,107.300003,109.050003
8/18/15,108.040001,106.940002
8/19/15,106.580002,106.449997
8/20/15,104.339996,100.019997
8/21/15,97.5,98.839996
8/24/15,93.379997,95.360001
8/25/15,99.730003,95.889999
8/26/15,98.690002,99.230003
8/27/15,101.349998,102.169998
8/28/15,102.190002,102.480003
8/31/15,102.300003,101.879997
9/1/15,99.309998,99.510002
9/2/15,100.919998,101.889999
9/3/15,102.199997,101.989998
9/4/15,100.959999,100.970001
9/8/15,102.949997,104.010002
9/9/15,104.75,101.910004
9/10/15,101.849998,102.599998
9/11/15,102.349998,104.480003
9/14/15,104.650002,103.82
9/15/15,103.25,103.43
9/16/15,103.32,103.959999
9/17/15,104.199997,104.199997
9/18/15,103.199997,102.839996
9/21/15,103.68,103.410004
9/22/15,102.18,102.489998
9/23/15,102.440002,101.57
9/24/15,101,100.620003
9/25/15,101.510002,100.300003
9/28/15,99.900002,98.489998
9/29/15,98.510002,99.419998
9/30/15,100.779999,102.199997
10/1/15,102.970001,102.669998
10/2/15,101.209999,103
10/5/15,103.699997,103.849998
10/6/15,104.190002,103.769997
10/7/15,104.489998,103.389999
10/8/15,103.199997,104.610001
10/9/15,105.089996,105.559998
10/12/15,105.910004,106.349998
10/13/15,105.739998,106.589996
10/14/15,106.5,105.730003
10/15/15,106.5,107.889999
10/16/15,108.269997,108.239998
10/19/15,108.25,109.470001
10/20/15,109.550003,109.839996
10/21/15,110.669998,110.089996
10/22/15,110.669998,113.25
10/23/15,114.209999,113.089996
10/26/15,113.07,113.519997
10/27/15,113.290001,113.769997
10/28/15,113.970001,114.339996
10/29/15,114.339996,115.040001
10/30/15,115,113.739998
11/2/15,114.489998,115.040001
11/3/15,114.970001,115.540001
11/4/15,116.639999,113.25
11/5/15,113.260002,113
11/6/15,114.599998,115.669998
11/9/15,115.900002,116.419998
11/10/15,116.169998,117.419998
11/11/15,117.550003,116.519997
11/12/15,115.599998,116.209999
11/13/15,115.919998,114.839996
11/16/15,113.470001,115.919998
11/17/15,116.110001,116.129997
11/18/15,116.220001,118.139999
11/19/15,118.139999,118.709999
11/20/15,119.110001,120.07
11/23/15,120.300003,119.419998
11/24/15,117.900002,117.949997
11/25/15,118.290001,118.669998
11/27/15,116,115.129997
11/30/15,115.559998,113.470001
12/1/15,114.150002,115.389999
12/2/15,115.389999,114
12/3/15,114.169998,111.889999
12/4/15,112.739998,114.239998
12/7/15,114.559998,113.830002
12/8/15,113.349998,112.480003
12/9/15,112.389999,111.470001
12/10/15,111.150002,110.760002
12/11/15,110.760002,108.040001
12/14/15,108.68,109.349998
12/15/15,112.050003,112.160004
12/16/15,114.690002,113.790001
12/17/15,114.129997,112.010002
12/18/15,112.010002,107.720001
12/21/15,108.800003,106.589996
12/22/15,106.989998,106.739998
12/23/15,107.209999,105.559998
12/24/15,105.199997,105.860001
12/28/15,106.5,107.25
12/29/15,107.879997,107.080002
12/30/15,106.889999,106.339996
12/31/15,106.139999,105.080002
1/4/16,103.120003,102.980003
1/5/16,102.669998,100.900002
1/6/16,99.379997,100.360001
1/7/16,98.959999,99.5
1/8/16,100.629997,99.25
1/11/16,100.209999,99.919998
1/12/16,100.970001,101.459999
1/13/16,101.879997,98.480003
1/14/16,98.650002,99.110001
1/15/16,95.620003,93.900002
1/19/16,95,93.970001
1/20/16,92.18,92.540001
1/21/16,92.870003,94.019997
1/22/16,95.949997,96.900002
1/25/16,96.419998,95.290001
1/26/16,95.489998,96.269997
1/27/16,96.309998,94.32
1/28/16,95.199997,93.529999
1/29/16,94.209999,95.82
2/1/16,95.080002,95.150002
2/2/16,94,93.120003
2/3/16,94.099998,95.139999
2/4/16,94.870003,95.43
2/5/16,95.32,93.900002
2/8/16,92.559998,92.120003
2/9/16,90.150002,92.32
2/10/16,88,88.849998
2/11/16,87,90.309998
2/12/16,91.519997,91.150002
2/16/16,92.470001,92.910004
2/17/16,93.669998,95.5
2/18/16,96.339996,95.169998
2/19/16,95.230003,95.010002
2/22/16,95.010002,96.370003
2/23/16,96.5,95.379997
2/24/16,94.650002,95.43
2/25/16,95.919998,95.650002
2/26/16,95.709999,95.309998
2/29/16,95.309998,95.519997
3/1/16,95.900002,97.650002
3/2/16,97.669998,97
3/3/16,97.790001,98.82
3/4/16,99,98.480003
3/7/16,98.57,99.389999
3/8/16,98.93,97.82
3/9/16,98,97.660004
3/10/16,97.940002,97.040001
3/11/16,97.57,97.940002
3/14/16,97.940002,98.809998
3/15/16,98.019997,98.239998
3/16/16,98.160004,98.440002
3/17/16,98.279999,99.599998
3/18/16,99.980003,99.199997
3/21/16,98.919998,98.459999
3/22/16,97.589996,97.580002
3/23/16,97.720001,96.830002
3/24/16,96.550003,97.220001
3/28/16,97.5,98.089996
3/29/16,98,98.160004
3/30/16,98.900002,98.910004
3/31/16,99.010002,99.309998
4/1/16,98.800003,99.07
4/4/16,99.300003,98.68
4/5/16,96.849998,97
4/6/16,96.959999,97.480003
4/7/16,97.110001,96.160004
4/8/16,96.629997,96.419998
4/11/16,96.93,96.269997
4/12/16,96.279999,97.349998
4/13/16,98.029999,99.480003
4/14/16,99.790001,98.629997
4/15/16,98.5,98.589996
4/18/16,99.599998,101.480003
4/19/16,102,102.639999
4/20/16,103.019997,103.269997
4/21/16,103.360001,102.910004
4/22/16,103.059998,103.769997
4/25/16,103.5,104.57
4/26/16,104.580002,104.889999
4/27/16,105.190002,105.279999
4/28/16,104.540001,104.029999
4/29/16,103.949997,103.260002
5/2/16,103.300003,104.360001
5/3/16,103.879997,103.779999
5/4/16,103.309998,103.669998
5/5/16,103.980003,104.93
5/6/16,104.510002,105.540001
5/9/16,106.010002,105.339996
5/10/16,105.529999,106.599998
5/11/16,101.459999,102.290001
5/12/16,102.5,101.709999
5/13/16,101.709999,100.519997
5/16/16,100.410004,100.360001
5/17/16,100.790001,99.940002
5/18/16,99.589996,99
5/19/16,98.580002,98.410004
5/20/16,99,99.779999
5/23/16,99.599998,99.18
5/24/16,99.449997,99.510002
5/25/16,99.919998,99.860001
5/26/16,99.889999,99.809998
5/27/16,99.809998,100.290001
5/31/16,99.849998,99.220001
6/1/16,98.669998,98.519997
6/2/16,98.07,98.720001
6/3/16,98.660004,98.75
6/6/16,98.959999,98.779999
6/7/16,99,98.349998
6/8/16,98.489998,98.040001
6/9/16,97.82,97.839996
6/10/16,97.150002,97.339996
6/13/16,96.75,97.57
6/14/16,97.199997,98.400002
6/15/16,98.190002,98.269997
6/16/16,97.800003,98.379997
6/17/16,98.410004,99
6/20/16,100.080002,99.57
6/21/16,99.730003,98.82
6/22/16,99.080002,98.790001
6/23/16,99.440002,99.019997
6/24/16,96.010002,95.720001
6/27/16,94.910004,94.379997
6/28/16,95.459999,96.050003
6/29/16,96.910004,96.980003
6/30/16,97.099998,97.82
7/1/16,97.75,98.029999
7/5/16,97.769997,97.660004
7/6/16,97,98.449997
7/7/16,97.629997,98.410004
7/8/16,99.25,99.620003
7/11/16,99.800003,99.980003
7/12/16,100.18,100.199997
7/13/16,100.459999,99.879997
7/14/16,100.419998,99.970001
7/15/16,100.419998,99.800003
7/18/16,99.900002,100.150002
7/19/16,99.809998,99.470001
7/20/16,98.650002,98.220001
7/21/16,98.169998,98.010002
7/22/16,98.389999,97.709999
7/25/16,97.900002,97.389999
7/26/16,97.019997,96.690002
7/27/16,96.699997,96.330002
7/28/16,96.400002,95.910004
7/29/16,95.849998,95.949997
8/1/16,96.150002,95.540001
8/2/16,95.349998,95.010002
8/3/16,95.059998,96.089996
8/4/16,95.529999,95.160004
8/5/16,95.400002,95.830002
8/8/16,96.110001,95.75
8/9/16,95.610001,96.669998
8/10/16,96.699997,97.860001
8/11/16,98.199997,97.769997
8/12/16,97.82,96.839996
8/15/16,97.349998,97.099998
8/16/16,96.860001,96.879997
8/17/16,96.839996,96.870003
8/18/16,96.870003,96.650002
8/19/16,96.400002,96.389999
8/22/16,96.470001,95.870003
8/23/16,96.129997,95.970001
8/24/16,96.010002,95.82
8/25/16,95.620003,95.550003
8/26/16,95.660004,95.209999
8/29/16,95.07,94.870003
8/30/16,94.769997,94.860001
8/31/16,94.690002,94.459999
9/1/16,94.730003,94.260002
9/2/16,94.75,94.419998
9/6/16,94.529999,93.800003
9/7/16,93.980003,93.709999
9/8/16,93.489998,94.089996
9/9/16,93.510002,92.419998
9/12/16,91.959999,93.639999
9/13/16,93.040001,92.699997
9/14/16,92.589996,92.260002
9/15/16,92.120003,92.5
9/16/16,92.269997,92.559998
9/19/16,92.800003,92.629997
9/20/16,92.699997,92.949997
9/21/16,93,92.389999
9/22/16,92.730003,93.410004
9/23/16,93.07,93.269997
9/26/16,92.470001,91.959999
9/27/16,91.93,91.720001
9/28/16,91.75,92.199997
9/29/16,92.139999,91.800003
9/30/16,92.279999,92.860001
10/3/16,92.470001,92.489998
10/4/16,92.449997,92.589996
10/5/16,92.940002,92.449997
10/6/16,92.75,92.830002
10/7/16,93.059998,92.489998
10/10/16,92.699997,92.489998
10/11/16,92.330002,91.860001
10/12/16,91.879997,91.410004
10/13/16,90.949997,91.120003
10/14/16,91.769997,91.300003
10/17/16,91.349998,90.830002
10/18/16,91.400002,91.169998
10/19/16,91.269997,91.93
10/20/16,91.660004,92.029999
10/21/16,91.330002,93.029999
10/24/16,93.489998,93.370003
10/25/16,93.139999,92.75
10/26/16,92.389999,93.489998
10/27/16,93.800003,94.019997
10/28/16,93.889999,93.849998
10/31/16,93.720001,92.690002
11/1/16,92.779999,92.389999
11/2/16,91.910004,91.910004
11/3/16,92.260002,93.370003
11/4/16,93.5,92.449997
11/7/16,93.769997,94.43
11/8/16,94.529999,94.379997
11/9/16,92.290001,94.639999
11/10/16,94.889999,94.959999
11/11/16,97.18,97.68
11/14/16,97.559998,97.919998
11/15/16,97.900002,97.699997
11/16/16,98.330002,99.120003
11/17/16,99.050003,99.370003
11/18/16,99.050003,98.239998
11/21/16,98.110001,97.629997
11/22/16,97.400002,97.709999
11/23/16,97.669998,98.260002
11/25/16,98.709999,98.82
11/28/16,98.519997,98.970001
11/29/16,99.239998,99.669998
11/30/16,99.400002,99.120003
12/1/16,99.129997,98.940002
12/2/16,98.790001,98.5
12/5/16,98.980003,99.959999
12/6/16,99.949997,100.660004
12/7/16,100.510002,101.989998
12/8/16,101.470001,103.379997
12/9/16,103.489998,104.860001
12/12/16,104.610001,104.059998
12/13/16,104.199997,103.849998
12/14/16,103.620003,104.050003
12/15/16,103.849998,104.389999
12/16/16,104.709999,103.910004
12/19/16,105.699997,105.300003
12/20/16,105.639999,105.459999
12/21/16,104.610001,105.559998
12/22/16,104.959999,105.419998
12/23/16,105.239998,105.150002
12/27/16,104.849998,105.169998
12/28/16,104.989998,104.300003
12/29/16,104.230003,104.559998
12/30/16,104.57,104.220001
1/3/17,105.300003,106.080002
1/4/17,106.639999,107.440002
1/5/17,107.169998,107.379997
1/6/17,108.019997,108.980003
1/9/17,108.580002,108.360001
1/10/17,107.900002,108.379997
1/11/17,108.540001,109.440002
1/12/17,108.120003,107.529999
1/13/17,107.160004,108.059998
1/17/17,107.910004,107.970001
1/18/17,106.93,108.160004
1/19/17,107.919998,107.279999
1/20/17,107.349998,107.660004
1/23/17,107.339996,107.120003
1/24/17,107.199997,107.900002
1/25/17,108.230003,108.040001
1/26/17,108.209999,108.059998
1/27/17,108.489998,109.300003
1/30/17,109.860001,110.940002
1/31/17,110.589996,110.650002
2/1/17,110.709999,111.300003
2/2/17,111.209999,110.610001
2/3/17,110.900002,110.300003
2/6/17,109.919998,109.57
2/7/17,109.650002,109
2/8/17,109.559998,109
2/9/17,109,109.489998
2/10/17,109.349998,109.260002
2/13/17,108.949997,109.650002
2/14/17,109.800003,110.330002
2/15/17,109.910004,110.18
2/16/17,110.339996,110.709999
2/17/17,110.239998,110.059998
2/21/17,109.940002,110.010002
2/22/17,109.690002,110.120003
2/23/17,110.300003,109.730003
2/24/17,109.620003,110.32
2/27/17,109.93,110.230003
2/28/17,110,110.089996
3/1/17,110.660004,111.040001
3/2/17,111,110.589996
3/3/17,110.589996,111.239998
3/6/17,110.769997,110.669998
3/7/17,110.699997,110.860001
3/8/17,110.870003,110.839996
3/9/17,110.900002,111.029999
3/10/17,111.400002,110.919998
3/13/17,110.919998,111.519997
3/14/17,111.730003,112.309998
3/15/17,112.43,111.870003
3/16/17,112.18,111.709999
3/17/17,111.870003,111.760002
3/20/17,112.07,112.709999
3/21/17,112.970001,111.75
3/22/17,111.849998,112.080002
3/23/17,111.709999,112.239998
3/24/17,112.400002,112.139999
3/27/17,111.809998,112.379997
3/28/17,112.599998,113.050003
3/29/17,112.660004,112.529999
3/30/17,112.529999,113.18
3/31/17,113,113.389999
4/3/17,113.18,113.199997
3/27/17,111.809998,112.379997
3/28/17,112.599998,113.050003
3/29/17,112.660004,112.529999
3/30/17,112.529999,113.18
3/31/17,113,113.389999
4/3/17,113.18,113.199997