2/19/13,40.73,40.91
2/20/13,41.040001,41.119999
2/21/13,41.619999,41.119999
2/22/13,41.349998,41.130001
2/25/13,41.330002,40.110001
2/26/13,40.139999,40.049999
2/27/13,40.009998,40.52
2/28/13,40.43,40.02
3/1/13,40.099998,40.110001
3/4/13,40.009998,40.080002
3/5/13,40.290001,40.700001
3/6/13,40.700001,40.950001
3/7/13,40.91,41.060001
3/8/13,41.299999,41.669998
3/11/13,41.68,42.279999
3/12/13,42.049999,42.150002
3/13/13,41.549999,41.810001
3/14/13,42,42.23
3/15/13,42.040001,42.380001
3/18/13,42.060001,42.220001
3/19/13,42.41,41.830002
3/20/13,42.02,42.240002
3/21/13,42.189999,42.889999
3/22/13,42.93,43.84
3/25/13,43.970001,43.669998
3/26/13,43.639999,43.830002
3/27/13,43.73,43.669998
3/28/13,43.82,43.939999
4/1/13,44,43.560001
4/2/13,43.630001,43.389999
4/3/13,43.43,43.029999
4/4/13,43.23,43.459999
4/5/13,42.869999,43.330002
4/8/13,43.330002,43.25
4/9/13,43.25,43.91
4/10/13,44.029999,44.709999
4/11/13,44.830002,45.060001
4/12/13,44.830002,44.91
4/15/13,44.650002,43.799999
4/16/13,43.919998,44.330002
4/17/13,44.360001,43.740002
4/18/13,43.709999,44.34
4/19/13,44.360001,45.02
4/22/13,46.380001,46.549999
4/23/13,47,47.759998
4/24/13,47.5,47.279999
4/25/13,47.419998,47.759998
4/26/13,47.810001,47.27
4/29/13,47.02,47.650002
4/30/13,47.700001,47.369999
5/1/13,47.5,47.049999
5/2/13,47.049999,46.810001
5/3/13,47.099998,47.220001
5/6/13,47.41,47.150002
5/7/13,47.040001,47.459999
5/8/13,47.459999,47.599998
5/9/13,47.700001,47.59
5/10/13,47.380001,47.509998
5/13/13,47.48,47.459999
5/14/13,47.389999,47.509998
5/15/13,47.549999,47.610001
5/16/13,47.630001,47.209999
5/17/13,47.330002,47.91
5/20/13,47.939999,47.700001
5/21/13,47.900002,48.459999
5/22/13,48.400002,47.48
5/23/13,47.060001,46.970001
5/24/13,46.560001,47.16
5/28/13,47.630001,46.720001
5/29/13,46.450001,44.450001
5/30/13,44.389999,44.830002
5/31/13,44.459999,44.48
6/3/13,44.970001,44.810001
6/4/13,44.779999,44.66
6/5/13,44.450001,44.099998
6/6/13,44.169998,44.18
6/7/13,44.299999,45
6/10/13,44.990002,44.59
6/11/13,44.32,44.700001
6/12/13,44.900002,43.810001
6/13/13,43.889999,44.32
6/14/13,44.389999,44.09
6/17/13,44.240002,44.310001
6/18/13,44.380001,44.740002
6/19/13,44.580002,44.880001
6/20/13,44.450001,43.810001
6/21/13,44.139999,44.34
6/24/13,44.169998,43.849998
6/25/13,44.049999,43.98
6/26/13,44.450001,44.130001
6/27/13,44.25,44.630001
6/28/13,44.689999,44.830002
7/1/13,44.950001,45.73
7/2/13,45.599998,45.91
7/3/13,45.799999,46.029999
7/5/13,46.41,46.610001
7/8/13,46.700001,46.709999
7/9/13,47.060001,47.23
7/10/13,47.060001,46.950001
7/11/13,47.560001,47.279999
7/12/13,47.279999,47.639999
7/15/13,47.779999,47.450001
7/16/13,47.41,47.16
7/17/13,46,46.029999
7/18/13,46.200001,46.48
7/19/13,46.27,45.380001
7/22/13,45.119999,46.869999
7/23/13,47.98,47.830002
7/24/13,47.720001,47.119999
7/25/13,47,47.099998
7/26/13,46.84,47.080002
7/29/13,46.919998,47.150002
7/30/13,46.860001,46.400002
7/31/13,46.619999,46
8/1/13,46.080002,46.959999
8/2/13,46.970001,46.990002
8/5/13,46.799999,46.799999
8/6/13,46.68,46.259998
8/7/13,46.02,45.93
8/8/13,46.240002,46.330002
8/9/13,46.310001,45.959999
8/12/13,45.580002,45.349998
8/13/13,46.25,45.689999
8/14/13,45.610001,45.450001
8/15/13,45.209999,45.040001
8/16/13,45.099998,44.900002
8/19/13,44.93,44.889999
8/20/13,44.869999,45.080002
8/21/13,44.93,44.759998
8/22/13,44.869999,45.259998
8/23/13,45.419998,46.110001
8/26/13,47.610001,46.389999
8/27/13,46.07,45.560001
8/28/13,45.560001,45.639999
8/29/13,45.43,45.630001
8/30/13,45.689999,45.580002
9/3/13,45.990002,46.279999
9/4/13,46.310001,46.73
9/5/13,46.860001,47.560001
9/6/13,47.5,47.990002
9/9/13,47.959999,48.16
9/10/13,48.240002,47.169998
9/11/13,47.049999,47.16
9/12/13,47.040001,46.5
9/13/13,46.59,46.82
9/16/13,47.400002,47.389999
9/17/13,47.389999,47.759998
9/18/13,47.779999,48.669998
9/19/13,48.73,49.299999
9/20/13,49.299999,48.790001
9/23/13,48.830002,48.52
9/24/13,48.549999,48.41
9/25/13,48.400002,47.900002
9/26/13,48.360001,47.669998
9/27/13,47.299999,47.380001
9/30/13,47.110001,47.139999
10/1/13,47.049999,47.619999
10/2/13,47.349998,47.34
10/3/13,47.110001,46.970001
10/4/13,46.900002,47.43
10/7/13,47.110001,46.630001
10/8/13,46.630001,45.93
10/9/13,46.099998,45.990002
10/10/13,46.349998,46.299999
10/11/13,46.119999,46.720001
10/14/13,46.380001,46.52
10/15/13,46.330002,45.990002
10/16/13,47.27,46.099998
10/17/13,45.75,46.830002
10/18/13,47,47.240002
10/21/13,48.93,49.720001
10/22/13,50.110001,49.990002
10/23/13,49.990002,50.07
10/24/13,50.18,50.57
10/25/13,50.73,52.049999
10/28/13,52.110001,52.130001
10/29/13,52.400002,53.380001
10/30/13,52.98,52.25
10/31/13,52.139999,51.650002
11/1/13,51.68,51.84
11/4/13,52.029999,52.240002
11/5/13,51.790001,52.09
11/6/13,52.369999,52.290001
11/7/13,51.700001,50.599998
11/8/13,50.59,50.48
11/11/13,50.509998,51.25
11/12/13,51.150002,51.25
11/13/13,51.119999,52.950001
11/14/13,52.75,52.740002
11/15/13,52.619999,52.73
11/18/13,52.849998,52.080002
11/19/13,52.139999,51.779999
11/20/13,51.880001,51.900002
11/21/13,52.150002,52.099998
11/22/13,51.779999,52.880001
11/25/13,53,53.59
11/26/13,53.720001,53.75
11/27/13,53.689999,53.849998
11/29/13,53.73,53.82
12/2/13,53.98,53.66
12/3/13,53.400002,52.970001
12/4/13,52.669998,52.07
12/5/13,52.110001,52.369999
12/6/13,52.77,51.759998
12/9/13,51.759998,52.41
12/10/13,52.290001,52.25
12/11/13,52.290001,51.610001
12/12/13,51.419998,51.48
12/13/13,51.450001,51.759998
12/16/13,51.759998,51.310001
12/17/13,51.080002,51.529999
12/18/13,51.700001,52.450001
12/19/13,52.099998,52.27
12/20/13,50.220001,52.490002
12/23/13,52.900002,53.16
12/24/13,53.330002,53.450001
12/26/13,53.459999,54.16
12/27/13,54.009998,54.400002
12/30/13,54.43,54.970001
12/31/13,55.16,55.009998
1/2/14,54.889999,54.580002
1/3/14,51.599998,54.110001
1/6/14,54.220001,53.73
1/7/14,54.299999,53.779999
1/8/14,53.779999,53.720001
1/9/14,53.830002,52.98
1/10/14,52.970001,53.040001
1/13/14,52.799999,52.25
1/14/14,52.439999,52.310001
1/15/14,52.259998,52.27
1/16/14,51.98,52.349998
1/17/14,52.240002,52
1/21/14,52.41,51.810001
1/22/14,51.73,52.369999
1/23/14,52.349998,51.860001
1/24/14,51.119999,51.27
1/27/14,51.279999,51.099998
1/28/14,51.150002,51.970001
1/29/14,51.41,50.82
1/30/14,51,51.240002
1/31/14,48.75,49.119999
2/3/14,47.48,48.080002
2/4/14,48.299999,48.68
2/5/14,48.5,48.759998
2/6/14,49.040001,49.66
2/7/14,49.919998,50.09
2/10/14,50.939999,52.360001
2/11/14,52.459999,52.369999
2/12/14,52.07,51.950001
2/13/14,51.860001,52.919998
2/14/14,52.939999,52.82
2/18/14,52.810001,52.959999
2/19/14,52.700001,53.869999
2/20/14,54.040001,54.27
2/21/14,54.290001,54.299999
2/24/14,54.650002,54.48
2/25/14,54.560001,54.68
2/26/14,54.5,55.040001
2/27/14,54.959999,55.029999
2/28/14,54.790001,55.16
3/3/14,54.84,54.650002
3/4/14,55.040001,54.959999
3/5/14,54.82,54.830002
3/6/14,54.98,55.080002
3/7/14,55.32,54.77
3/10/14,54.799999,54.84
3/11/14,54.669998,54.5
3/12/14,54.16,54.580002
3/13/14,54.810001,54.639999
3/14/14,54.619999,54.66
3/17/14,54.84,54.959999
3/18/14,54.93,55.060001
3/19/14,55.209999,54.740002
3/20/14,54.540001,54.93
3/21/14,55.360001,55.200001
3/24/14,55.110001,54.950001
3/25/14,55.150002,54.59
3/26/14,54.830002,54.470001
3/27/14,54.619999,54.509998
3/28/14,54.84,55.18
3/31/14,55.360001,55.619999
4/1/14,55.880001,56.389999
4/2/14,56.360001,56.290001
4/3/14,56.209999,55.77
4/4/14,55.299999,54.990002
4/7/14,54.950001,54.52
4/8/14,54.52,54.560001
4/9/14,54.720001,55.09
4/10/14,55.02,54.299999
4/11/14,54.119999,53.630001
4/14/14,53.84,53.650002
4/15/14,53.450001,53.48
4/16/14,53.669998,53.849998
4/17/14,53.91,54.610001
4/21/14,56.07,55.66
4/22/14,55.700001,55.299999
4/23/14,55.41,55.040001
4/24/14,55.110001,54.950001
4/25/14,54.91,54.720001
4/28/14,54.990002,55.689999
4/29/14,55.32,55.18
4/30/14,55.130001,55.259998
5/1/14,55.139999,55.66
5/2/14,55.77,55.77
5/5/14,55.5,55.52
5/6/14,55.419998,55.389999
5/7/14,55.34,55.349998
5/8/14,55.279999,55.27
5/9/14,55.18,55.419998
5/12/14,56.02,55.59
5/13/14,55.529999,55.5
5/14/14,55.27,54.950001
5/15/14,54.98,54.040001
5/16/14,53.900002,54.189999
5/19/14,53.860001,53.869999
5/20/14,53.73,53.34
5/21/14,53.43,53.700001
5/22/14,53.650002,53.700001
5/23/14,53.59,53.849998
5/27/14,53.900002,53.529999
5/28/14,53.509998,53.389999
5/29/14,53.310001,53.349998
5/30/14,53.48,53.700001
6/2/14,53.560001,52.18
6/3/14,52.169998,51.48
6/4/14,51.349998,52.09
6/5/14,52.290001,52.450001
6/6/14,52.400002,52.189999
6/9/14,52.599998,53.080002
6/10/14,52.889999,53.09
6/11/14,52.869999,52.91
6/12/14,52.75,52.459999
6/13/14,52.639999,52.389999
6/16/14,52.16,52.200001
6/17/14,52.220001,52.41
6/18/14,52.490002,52.380001
6/19/14,52.43,52.439999
6/20/14,52.68,52.650002
6/23/14,52.799999,53.77
6/24/14,53.860001,53.529999
6/25/14,53.060001,53.049999
6/26/14,53.049999,52.849998
6/27/14,52.639999,53.25
6/30/14,50.82,53.049999
7/1/14,53.110001,53.82
7/2/14,53.709999,53.650002
7/3/14,53.68,54.119999
7/7/14,53.759998,53.580002
7/8/14,53.41,53.580002
7/9/14,53.639999,54.110001
7/10/14,53.470001,53.73
7/11/14,53.799999,54.389999
7/14/14,54.59,54.16
7/15/14,54.040001,53.529999
7/16/14,53.540001,52.549999
7/17/14,51.799999,52.919998
7/18/14,52.720001,53.209999
7/21/14,52.259998,51.779999
7/22/14,53.18,51.650002
7/23/14,51.490002,51.169998
7/24/14,51.150002,51.799999
7/25/14,51.709999,51.459999
7/28/14,51.389999,51.139999
7/29/14,51.169998,50.689999
7/30/14,50.470001,50.689999
7/31/14,50.470001,49.950001
8/1/14,49.900002,49.599998
8/4/14,49.68,49.709999
8/5/14,49.740002,50.049999
8/6/14,50,50.27
8/7/14,50.68,49.68
8/8/14,49.75,50.400002
8/11/14,50.48,50.560001
8/12/14,50.630001,50.25
8/13/14,48.009998,50.32
8/14/14,50.400002,51.009998
8/15/14,51.209999,50.790001
8/18/14,51.169998,51.59
8/19/14,51.560001,51.900002
8/20/14,51.540001,52.139999
8/21/14,52.290001,52.599998
8/22/14,51.509998,52.470001
8/25/14,52.950001,52.709999
8/26/14,52.630001,52.23
8/27/14,52.400002,52.259998
8/28/14,52.119999,52.119999
8/29/14,52.200001,52.66
9/2/14,52.73,52.669998
9/3/14,52.869999,53.259998
9/4/14,53.34,53.849998
9/5/14,53.650002,54.02
9/8/14,54,54
9/9/14,54.029999,53.669998
9/10/14,53.759998,53.720001
9/11/14,53.610001,53.889999
9/12/14,53.880001,53.669998
9/15/14,53.740002,53.540001
9/16/14,53.560001,53.439999
9/17/14,53.400002,53.77
9/18/14,53.959999,53.91
9/19/14,54.16,54.119999
9/22/14,54.119999,53.41
9/23/14,53.32,52.939999
9/24/14,52.93,54.950001
9/25/14,54.919998,54.650002
9/26/14,54.599998,55.330002
9/29/14,54.799999,55.049999
9/30/14,55.049999,55
10/1/14,55.040001,54.849998
10/2/14,54.779999,55.259998
10/3/14,55.59,55.419998
10/6/14,55.59,55.099998
10/7/14,54.91,54.759998
10/8/14,54.799999,55.52
10/9/14,55.509998,54.849998
10/10/14,54.970001,55
10/13/14,54.900002,54.66
10/14/14,54.91,54.830002
10/15/14,54.18,54.330002
10/16/14,54.029999,54.209999
10/17/14,54.509998,53.849998
10/20/14,53.889999,56.509998
10/21/14,56.84,57.720001
10/22/14,57.849998,56.91
10/23/14,57.43,57.48
10/24/14,57.639999,57.610001
10/27/14,57.5,57.310001
10/28/14,57.450001,57.73
10/29/14,57.790001,57.619999
10/30/14,56.970001,57.18
10/31/14,57.73,57.529999
11/3/14,57.689999,57.639999
11/4/14,57.560001,57.360001
11/5/14,57.650002,57.849998
11/6/14,57.990002,58.119999
11/7/14,58.029999,57.98
11/10/14,57.91,57.080002
11/11/14,57.259998,56.669998
11/12/14,56.580002,57.470001
11/13/14,56.09,54.98
11/14/14,55.5,54.02
11/17/14,56.25,56.369999
11/18/14,56.189999,56.119999
11/19/14,56.110001,56.130001
11/20/14,56,56.509998
11/21/14,57.080002,56.689999
11/24/14,57.060001,56.66
11/25/14,56.889999,57.540001
11/26/14,57.66,58.139999
11/28/14,58.700001,59.200001
12/1/14,58.619999,57.459999
12/2/14,57.43,57.459999
12/3/14,57.310001,57.080002
12/4/14,56.98,56.75
12/5/14,56.919998,57.23
12/8/14,57.189999,56.549999
12/9/14,55.98,56.369999
12/10/14,56.380001,55.549999
12/11/14,55.630001,56.299999
12/12/14,56.310001,56.060001
12/15/14,56.459999,56.200001
12/16/14,56.049999,56.900002
12/17/14,57.220001,57.369999
12/18/14,58.060001,58.360001
12/19/14,58,54.630001
12/22/14,54.82,54.330002
12/23/14,54.68,55.220001
12/24/14,55.560001,55.25
12/26/14,55.200001,55.540001
12/29/14,55.490002,55.900002
12/30/14,55.790001,55.040001
12/31/14,55.119999,54.990002
1/2/15,55.450001,54.970001
1/5/15,54.810001,55.130001
1/6/15,55.389999,54.41
1/7/15,54.639999,54.669998
1/8/15,54.939999,55
1/9/15,54.98,53.220001
1/12/15,52.919998,52.610001
1/13/15,52.48,51.91
1/14/15,51.720001,52.200001
1/15/15,52.27,51.959999
1/16/15,51.869999,52.540001
1/20/15,52.119999,52.080002
1/21/15,51.919998,52.82
1/22/15,53.209999,53.84
1/23/15,53.57,54.939999
1/26/15,53.759998,54.849998
1/27/15,54.299999,54.650002
1/28/15,54.790001,55.049999
1/29/15,55.060001,55.77
1/30/15,55.34,54.919998
2/2/15,54.68,54.700001
2/3/15,54.990002,56.150002
2/4/15,56.18,56.580002
2/5/15,56.549999,56.130001
2/6/15,56.02,55.740002
2/9/15,58.400002,59.66
2/10/15,60.869999,61.610001
2/11/15,62.009998,61.200001
2/12/15,61.48,62.16
2/13/15,62.16,62.740002
2/17/15,62.580002,62.470001
2/18/15,62.52,62.119999
2/19/15,62.259998,61.779999
2/20/15,61,61.830002
2/23/15,61.98,62.02
2/24/15,62.169998,62.049999
2/25/15,62.189999,62.080002
2/26/15,62,62.5
2/27/15,62.599998,62.32
3/2/15,62.450001,63.150002
3/3/15,62.799999,62.720001
3/4/15,63.259998,62.43
3/5/15,62.619999,62.43
3/6/15,62.25,61.650002
3/9/15,61.919998,61.970001
3/10/15,61.509998,61.349998
3/11/15,60.009998,60.91
3/12/15,61.18,61.700001
3/13/15,61.82,60.73
3/16/15,61.07,61.5
3/17/15,61.25,61.599998
3/18/15,61.59,61.43
3/19/15,61.209999,61.099998
3/20/15,61.32,61.080002
3/23/15,61.279999,61.380001
3/24/15,61.57,61.490002
3/25/15,61.599998,60.68
3/26/15,60.25,60.560001
3/27/15,60.43,61.029999
3/30/15,61.5,62.57
3/31/15,62.599998,63.240002
4/1/15,63.139999,63.790001
4/2/15,63.68,63.450001
4/6/15,63.259998,64.150002
4/7/15,64.150002,63.610001
4/8/15,63.939999,64.040001
4/9/15,64.139999,64.209999
4/10/15,64.269997,64.220001
4/13/15,64.120003,63.880001
4/14/15,63.77,64.480003
4/15/15,64.739998,64.82
4/16/15,64.809998,66.050003
4/17/15,65.910004,65.889999
4/20/15,70,74.160004
4/21/15,74.190002,73.550003
4/22/15,72.970001,71.730003
4/23/15,71.760002,71.709999
4/24/15,72.449997,71.610001
4/27/15,71.690002,71.010002
4/28/15,71.110001,71.110001
4/29/15,70.650002,70.550003
4/30/15,70.32,70.790001
5/1/15,71.150002,71.660004
5/4/15,72.260002,71.190002
5/5/15,71.019997,70.18
5/6/15,70.489998,70.389999
5/7/15,70.769997,71.120003
5/8/15,71.57,71.220001
5/11/15,71.559998,72
5/12/15,71.620003,70.959999
5/13/15,71,70.440002
5/14/15,70.610001,71.970001
5/15/15,72.059998,72.389999
5/18/15,72.260002,71.970001
5/19/15,72.089996,71.830002
5/20/15,71.739998,71.790001
5/21/15,71.93,72.550003
5/22/15,72.620003,72.900002
5/26/15,72.849998,72.18
5/27/15,72.099998,72.400002
5/28/15,72.349998,72.449997
5/29/15,72.480003,72.129997
6/1/15,71.949997,72.389999
6/2/15,72.059998,72.169998
6/3/15,72.720001,72.779999
6/4/15,72.589996,72.190002
6/5/15,72.339996,72.220001
6/8/15,72.309998,72.339996
6/9/15,72.230003,72.050003
6/10/15,72.440002,72.690002
6/11/15,72.800003,73.269997
6/12/15,72.919998,72.82
6/15/15,72.809998,72.889999
6/16/15,73.120003,73.040001
6/17/15,73.120003,74.589996
6/18/15,74.839996,75.489998
6/19/15,75.650002,76.18
6/22/15,76.639999,76.629997
6/23/15,76.949997,77.769997
6/24/15,77.989998,78.339996
6/25/15,78.580002,78.419998
6/26/15,78.239998,77.690002
6/29/15,77.389999,75.599998
6/30/15,75.900002,74.790001
7/1/15,74.029999,75.779999
7/2/15,75.57,75.919998
7/6/15,74.690002,75.849998
7/7/15,75.519997,76.160004
7/8/15,76.169998,77.050003
7/9/15,77.440002,75.940002
7/10/15,76.860001,77.220001
7/13/15,77.269997,78.220001
7/14/15,78.239998,78.690002
7/15/15,78.580002,78.07
7/16/15,78.360001,78.419998
7/17/15,78.419998,78.25
7/20/15,81.690002,83.150002
7/21/15,81.889999,80.419998
7/22/15,80.510002,79.849998
7/23/15,79.919998,79.279999
7/24/15,79.330002,79.639999
7/27/15,79.629997,79.510002
7/28/15,79.900002,79.57
7/29/15,79.769997,80.760002
7/30/15,80.129997,79.989998
7/31/15,80.019997,78.739998
8/3/15,78.739998,77.739998
8/4/15,77.739998,78.830002
8/5/15,79.089996,79.239998
8/6/15,79.459999,76.93
8/7/15,76.849998,77.410004
8/10/15,78.160004,79.510002
8/11/15,78.709999,79.129997
8/12/15,78.739998,79.489998
8/13/15,79.650002,80.550003
8/14/15,80.82,80.709999
8/17/15,80.199997,80.620003
8/18/15,80.419998,80.379997
8/19/15,79.889999,79.580002
8/20/15,78.669998,77.860001
8/21/15,77.449997,75.18
8/24/15,69.809998,71.18
8/25/15,72.669998,71.529999
8/26/15,73.279999,72.790001
8/27/15,73.489998,75.139999
8/28/15,74.889999,75.510002
8/31/15,75.080002,74.589996
9/1/15,73.959999,72.519997
9/2/15,74.550003,74.510002
9/3/15,76,76.860001
9/4/15,75.919998,75.370003
9/8/15,76.639999,76.290001
9/9/15,76.910004,75.279999
9/10/15,75.199997,76.029999
9/11/15,75.660004,76.75
9/14/15,76.75,77.580002
9/15/15,77.470001,79.080002
9/16/15,79.010002,80.25
9/17/15,79.089996,77.510002
9/18/15,76.739998,77.059998
9/21/15,77.489998,77.190002
9/22/15,75.959999,75.550003
9/23/15,75.839996,75.379997
9/24/15,75.029999,74.650002
9/25/15,75.07,74.949997
9/28/15,74.699997,72.129997
9/29/15,72.309998,72.690002
9/30/15,72.239998,72.139999
10/1/15,72.489998,71.68
10/2/15,70.480003,71.360001
10/5/15,71.940002,73.639999
10/6/15,73.529999,72.860001
10/7/15,72.169998,73.419998
10/8/15,72.93,73.800003
10/9/15,73.989998,74.349998
10/12/15,74.150002,74.440002
10/13/15,74.269997,74.129997
10/14/15,74.110001,73.669998
10/15/15,74,75.330002
10/16/15,75.580002,77.779999
10/19/15,76.769997,72.18
10/20/15,71.93,72.940002
10/21/15,73.449997,73.989998
10/22/15,74.360001,76.760002
10/23/15,77.25,78.870003
10/26/15,78.25,78.309998
10/27/15,77.760002,78.220001
10/28/15,78.239998,78.18
10/29/15,77.440002,77.75
10/30/15,77.519997,76.830002
11/2/15,77.279999,77.239998
11/3/15,77.089996,77.230003
11/4/15,77.459999,77.010002
11/5/15,77.389999,77.059998
11/6/15,76.809998,78.239998
11/9/15,78,78.389999
11/10/15,78.660004,79.809998
11/11/15,79.870003,78.57
11/12/15,78.790001,77.849998
11/13/15,77.519997,76.010002
11/16/15,75.900002,75.769997
11/17/15,75.32,74.760002
11/18/15,75.110001,75.57
11/19/15,75.68,75.599998
11/20/15,75.980003,75.489998
11/23/15,75.599998,75.190002
11/24/15,74.639999,75.68
11/25/15,76,76.459999
11/27/15,76.32,75.370003
11/30/15,75.559998,73.089996
12/1/15,73.739998,73.129997
12/2/15,73.150002,72.510002
12/3/15,72.989998,70.410004
12/4/15,70.199997,68.709999
12/7/15,68.849998,68.849998
12/8/15,69.440002,69.82
12/9/15,69.25,68.410004
12/10/15,68.699997,68.220001
12/11/15,67.660004,68.370003
12/14/15,68.93,69.190002
12/15/15,69.830002,69.190002
12/16/15,69.589996,69.209999
12/17/15,69.150002,66.389999
12/18/15,66.300003,65.830002
12/21/15,66.459999,65.309998
12/22/15,65.639999,66.769997
12/23/15,67.389999,67.260002
12/24/15,67.110001,67.620003
12/28/15,67.400002,67.650002
12/29/15,68.019997,68.43
12/30/15,68.300003,67.5
12/31/15,67.370003,67.360001
1/4/16,66.339996,66.959999
1/5/16,67.300003,68.18
1/6/16,66.769997,69.889999
1/7/16,68.5,69.120003
1/8/16,69.25,68.040001
1/11/16,68.68,70.010002
1/12/16,70.290001,70.830002
1/13/16,70.529999,68.480003
1/14/16,68.949997,70.199997
1/15/16,68.709999,72.07
1/19/16,72.639999,70.449997
1/20/16,69.309998,69.730003
1/21/16,69.889999,71.949997
1/22/16,73.220001,72.910004
1/25/16,72.720001,70.910004
1/26/16,71.529999,72.330002
1/27/16,72.599998,71.160004
1/28/16,72.07,72.349998
1/29/16,72.339996,74.279999
2/1/16,73.980003,73.769997
2/2/16,74.089996,74.339996
2/3/16,74.75,75
2/4/16,74.580002,75.900002
2/5/16,75.900002,74.099998
2/8/16,74.360001,75.110001
2/9/16,74.019997,71.940002
2/10/16,72.260002,72.169998
2/11/16,69.809998,69.559998
2/12/16,70,70.080002
2/16/16,70.800003,71.040001
2/17/16,71.970001,72.050003
2/18/16,72.169998,72.269997
2/19/16,72.190002,72.080002
2/22/16,73.309998,74.540001
2/23/16,74.099998,74.510002
2/24/16,73.779999,75.75
2/25/16,75.68,76.129997
2/26/16,76.5,76.449997
2/29/16,76.440002,75.870003
3/1/16,76.07,77.440002
3/2/16,77.279999,78.940002
3/3/16,79.190002,78.889999
3/4/16,78.720001,77.910004
3/7/16,77.550003,78.599998
3/8/16,77.889999,78.580002
3/9/16,78.889999,78
3/10/16,78.480003,77.940002
3/11/16,78.419998,77.980003
3/14/16,77.769997,78.400002
3/15/16,77.809998,78.480003
3/16/16,78.449997,78.389999
3/17/16,78.330002,78.610001
3/18/16,78.720001,78.489998
3/21/16,78.209999,77.849998
3/22/16,77.809998,78.080002
3/23/16,77.980003,78.07
3/24/16,77.629997,77.300003
3/28/16,77.57,78.120003
3/29/16,77.830002,78.230003
3/30/16,78.690002,78.550003
3/31/16,78.550003,80.099998
4/1/16,79.57,79.190002
4/4/16,79.370003,79.699997
4/5/16,79.739998,77.800003
4/6/16,77.760002,79.739998
4/7/16,78.989998,78.459999
4/8/16,78.839996,78.760002
4/11/16,79.309998,79.449997
4/12/16,79.809998,80.940002
4/13/16,81.050003,81.5
4/14/16,81.849998,81.330002
4/15/16,81.32,82.410004
4/18/16,87.339996,87.18
4/19/16,87.709999,87.019997
4/20/16,85.220001,86.5
4/21/16,86,86.800003
4/22/16,86.910004,87.43
4/25/16,87,87.239998
4/26/16,87.279999,87.629997
4/27/16,87.190002,87.160004
4/28/16,86.230003,85.32
4/29/16,85.260002,84.639999
5/2/16,85.43,85.589996
5/3/16,85.089996,84.889999
5/4/16,84.580002,84.279999
5/5/16,84.290001,83.550003
5/6/16,83.419998,85.089996
5/9/16,84.690002,86.110001
5/10/16,85.300003,86.330002
5/11/16,85.809998,84.5
5/12/16,84.489998,85.300003
5/13/16,85.239998,85.110001
5/16/16,84.900002,85.459999
5/17/16,85.220001,84.629997
5/18/16,84.580002,84.900002
5/19/16,84.519997,84.870003
5/20/16,85.150002,84.389999
5/23/16,84.650002,84.970001
5/24/16,85.150002,86.720001
5/25/16,86.5,86.760002
5/26/16,86.959999,86.75
5/27/16,86.300003,87.279999
5/31/16,87.269997,87.290001
6/1/16,86.580002,87.120003
6/2/16,86.639999,86.730003
6/3/16,86.190002,85.790001
6/6/16,86.360001,86.239998
6/7/16,86.230003,86.949997
6/8/16,86.82,87.110001
6/9/16,86.730003,87.07
6/10/16,86.610001,85.919998
6/13/16,85.769997,85.059998
6/14/16,84.900002,85.440002
6/15/16,85.589996,86.019997
6/16/16,85.489998,85.889999
6/17/16,85.82,85.419998
6/20/16,86.75,86.150002
6/21/16,86.279999,85.82
6/22/16,85.940002,85.870003
6/23/16,86.639999,86.199997
6/24/16,83.449997,82.370003
6/27/16,81.879997,80.610001
6/28/16,80.900002,82.760002
6/29/16,83.18,83.07
6/30/16,82.739998,83.989998
7/1/16,84.050003,83.900002
7/5/16,83.330002,82.330002
7/6/16,82.260002,83.010002
7/7/16,83.239998,83.110001
7/8/16,83.599998,84.709999
7/11/16,84.949997,85.5
7/12/16,85.739998,86.25
7/13/16,86.419998,85.540001
7/14/16,86.059998,85.260002
7/15/16,85.400002,85.5
7/18/16,83.5,79.82
7/19/16,80.809998,81.080002
7/20/16,81.5,81.330002
7/21/16,81.589996,80.940002
7/22/16,80.839996,80.400002
7/25/16,80.25,81.150002
7/26/16,81.190002,80.879997
7/27/16,80.82,80.959999
7/28/16,80.43,80.989998
7/29/16,80.730003,81.230003
8/1/16,81.029999,81.019997
8/2/16,81.110001,80.400002
8/3/16,80.209999,80.809998
8/4/16,80.57,80.57
8/5/16,80.989998,81.889999
8/8/16,81.660004,81.739998
8/9/16,81.800003,81.510002
8/10/16,81.639999,82.120003
8/11/16,82.209999,82.849998
8/12/16,82.790001,82.419998
8/15/16,82.410004,81.790001
8/16/16,81.720001,80.849998
8/17/16,80.900002,81.059998
8/18/16,80.970001,80.669998
8/19/16,80.32,80.690002
8/22/16,80.370003,80.720001
8/23/16,81.169998,82.139999
8/24/16,82.260002,81.209999
8/25/16,80.919998,80.82
8/26/16,80.940002,81.360001
8/29/16,81.300003,81.589996
8/30/16,81.629997,82.220001
8/31/16,81.959999,81.739998
9/1/16,81.43,81.620003
9/2/16,81.919998,82.910004
9/6/16,82.919998,82.709999
9/7/16,82.690002,82.639999
9/8/16,82.580002,81.300003
9/9/16,80.839996,79.93
9/12/16,79.300003,79.959999
9/13/16,79.550003,77.900002
9/14/16,78.059998,77.720001
9/15/16,77.699997,77.75
9/16/16,77.25,77.269997
9/19/16,77.400002,77.330002
9/20/16,77.809998,77.370003
9/21/16,77.709999,78.970001
9/22/16,79.650002,79.400002
9/23/16,79.379997,80.160004
9/26/16,79.980003,79.370003
9/27/16,79.25,79.870003
9/28/16,80.150002,79.610001
9/29/16,79.589996,79.389999
9/30/16,79.339996,79.330002
10/3/16,78.989998,80.540001
10/4/16,79.169998,80.419998
10/5/16,80.790001,80.440002
10/6/16,80.580002,80.480003
10/7/16,80.779999,79.300003
10/10/16,79.879997,79.779999
10/11/16,79.82,78.690002
10/12/16,78.550003,77.639999
10/13/16,77.25,76.620003
10/14/16,77.099998,76.160004
10/17/16,79.940002,81.82
10/18/16,82.080002,81.449997
10/19/16,81.709999,80.900002
10/20/16,80.940002,82.470001
10/21/16,81.709999,82.809998
10/24/16,83.389999,83.879997
10/25/16,83.480003,83.300003
10/26/16,83.279999,82.540001
10/27/16,82.639999,82.809998
10/28/16,82.510002,83.269997
10/31/16,83.449997,83.410004
11/1/16,83.889999,82.209999
11/2/16,82.129997,81.059998
11/3/16,81.440002,81.279999
11/4/16,81.919998,81.120003
11/7/16,82.260002,82.629997
11/8/16,82.489998,83.300003
11/9/16,81.730003,83.43
11/10/16,83.760002,83.900002
11/11/16,83.849998,84.589996
11/14/16,85,87.199997
11/15/16,87.099998,85.43
11/16/16,85.379997,85.32
11/17/16,85.720001,85.949997
11/18/16,86.129997,84.279999
11/21/16,84.699997,85.629997
11/22/16,85.790001,86.260002
11/23/16,85.959999,86.889999
11/25/16,86.959999,87.940002
11/28/16,86.540001,85.449997
11/29/16,85.129997,86.620003
11/30/16,86.68,85.389999
12/1/16,85.25,84.129997
12/2/16,84.029999,83.980003
12/5/16,84.639999,84.379997
12/6/16,84.599998,84.440002
12/7/16,84.449997,86.519997
12/8/16,86.300003,86.730003
12/9/16,86.599998,86.010002
12/12/16,86.510002,85.900002
12/13/16,85.550003,85.5
12/14/16,85.629997,85.080002
12/15/16,85.309998,82.879997
12/16/16,82.860001,80.870003
12/19/16,80.099998,79.82
12/20/16,80.239998,80.970001
12/21/16,80.879997,80.010002
12/22/16,79.68,78.720001
12/23/16,78.779999,78.360001
12/27/16,78.699997,78.199997
12/28/16,77.900002,77.620003
12/29/16,77.769997,77.93
12/30/16,78.199997,77.790001
1/3/17,78.110001,79.800003
1/4/17,79.650002,80.940002
1/5/17,80.650002,83.709999
1/6/17,83.550003,82.870003
1/9/17,82.989998,82.599998
1/10/17,82.82,82.860001
1/11/17,82.550003,82.480003
1/12/17,82.260002,83.449997
1/13/17,83.650002,83.860001
1/17/17,83.699997,85.169998
1/18/17,85.32,84.550003
1/19/17,84.910004,83.769997
1/20/17,84.050003,83.989998
1/23/17,84.129997,83.919998
1/24/17,84.050003,85.449997
1/25/17,86.110001,86.760002
1/26/17,81.120003,81.510002
1/27/17,81.419998,82.589996
1/30/17,82,83.370003
1/31/17,82.940002,82.510002
2/1/17,82.480003,82.129997
2/2/17,82.07,82.440002
2/3/17,82.790001,82.629997
2/6/17,94.110001,94.309998
2/7/17,94.279999,94.980003
2/8/17,95.160004,96.620003
2/9/17,96.519997,97.739998
2/10/17,97.730003,97.629997
2/13/17,98.260002,98.129997
2/14/17,98.360001,97.800003
2/15/17,97.449997,97.839996
2/16/17,97.900002,97.639999
2/17/17,97.5,98.5
2/21/17,98.989998,98.879997
2/22/17,98.82,98.82
2/23/17,98.599998,97.050003
2/24/17,96.870003,97.779999
2/27/17,97.389999,97.529999
2/28/17,97.519997,96.870003
3/1/17,97.129997,97.93
3/2/17,97.879997,97.529999
3/3/17,97.480003,97.75
3/6/17,97.510002,97.040001
3/7/17,96.790001,97.199997
3/8/17,97.230003,97.379997
3/9/17,97.68,97.349998
3/10/17,97.879997,97.470001
3/13/17,97.410004,97.690002
3/14/17,97.879997,98.18
3/15/17,98.32,99.510002
3/16/17,99.660004,99.239998
3/17/17,98.989998,100.25
3/20/17,100.220001,100.550003
3/21/17,100.720001,98.760002
3/22/17,98.650002,98.779999
3/23/17,99.150002,99.93
3/24/17,100.010002,99.970001
3/27/17,99.279999,99.050003
3/28/17,99.059998,99.400002
3/29/17,99.050003,99.650002
3/30/17,99.360001,99.580002
3/31/17,99.599998,99.82
4/3/17,99.900002,99.589996
4/4/17,99.230003,97.849998
4/5/17,98.010002,96.559998
4/6/17,96.489998,96.43
4/7/17,96.690002,95.75
4/10/17,95.870003,95.779999
4/11/17,95.43,96.290001