2/19/13,14.005,14.105
2/20/13,14.08,13.835
2/21/13,13.9,14.38
2/22/13,14.39,14.395
2/25/13,14.445,14.175
2/26/13,14.215,14.36
2/27/13,14.34,14.55
2/28/13,14.55,14.605
3/1/13,14.59,14.765
3/4/13,14.72,14.735
3/5/13,14.755,14.795
3/6/13,14.795,14.68
3/7/13,15.015,15.125
3/8/13,15.125,15.585
3/11/13,15.455,15.475
3/12/13,15.435,15.405
3/13/13,15.435,15.655
3/14/13,15.655,15.75
3/15/13,15.705,15.81
3/18/13,15.66,15.83
3/19/13,15.89,15.87
3/20/13,15.96,15.935
3/21/13,15.87,16
3/22/13,16,16.200001
3/25/13,16.209999,16.32
3/26/13,16.424999,16.395
3/27/13,16.35,16.549999
3/28/13,16.565001,16.57
4/1/13,16.540001,16.27
4/2/13,16.35,16.395
4/3/13,16.4,16.02
4/4/13,16.01,16.155001
4/5/13,15.945,16.02
4/8/13,16,15.94
4/9/13,15.955,16.030001
4/10/13,16.055,16.325001
4/11/13,16.375,16.584999
4/12/13,16.530001,16.555
4/15/13,16.555,16.360001
4/16/13,16.43,16.65
4/17/13,16.575001,16.715
4/18/13,16.75,16.879999
4/19/13,16.924999,16.855
4/22/13,16.85,17.105
4/23/13,17.155001,17.334999
4/24/13,17.325001,17.295
4/25/13,17.290001,17.165001
4/26/13,17.145,17.139999
4/29/13,17.15,17.225
4/30/13,17.209999,17.190001
5/1/13,17.190001,17.1
5/2/13,17.1,17.309999
5/3/13,17.415001,17.355
5/6/13,17.32,17.25
5/7/13,17.309999,17.495001
5/8/13,17.52,17.365
5/9/13,17.344999,17.225
5/10/13,17.225,17.245001
5/13/13,17.125,16.975
5/14/13,17.014999,17.4
5/15/13,17.415001,17.610001
5/16/13,17.559999,17.535
5/17/13,17.52,17.709999
5/20/13,17.700001,17.360001
5/21/13,17.35,17.415001
5/22/13,17.41,17.059999
5/23/13,17.065001,17.094999
5/24/13,17.02,17.115
5/28/13,17.209999,17.27
5/29/13,17.23,17.209999
5/30/13,17.195,17.195
5/31/13,17.15,16.834999
6/3/13,16.85,16.92
6/4/13,16.924999,16.975
6/5/13,16.924999,16.514999
6/6/13,16.495001,16.559999
6/7/13,16.700001,17.280001
6/10/13,17.315001,17.365
6/11/13,17.275,17.290001
6/12/13,17.334999,17.15
6/13/13,17.389999,17.530001
6/14/13,17.504999,17.395
6/17/13,17.5,17.59
6/18/13,17.645,17.76
6/19/13,17.725,17.565001
6/20/13,17.405001,16.49
6/21/13,16.655001,16.885
6/24/13,16.76,16.995001
6/25/13,17.09,17.254999
6/26/13,17.379999,17.24
6/27/13,17.26,17.355
6/28/13,17.299999,17.27
7/1/13,17.344999,17.334999
7/2/13,17.344999,17.959999
7/3/13,17.889999,17.799999
7/5/13,17.940001,18.035
7/8/13,18.059999,18.094999
7/9/13,18.275,18.575001
7/10/13,18.645,18.67
7/11/13,18.945,18.895
7/12/13,18.535,18.815001
7/15/13,18.639999,18.879999
7/16/13,18.889999,19.065001
7/17/13,19.105,19.219999
7/18/13,19.245001,19.245001
7/19/13,19.365,19.405001
7/22/13,19.469999,19.525
7/23/13,19.540001,19.465
7/24/13,19.530001,19.565001
7/25/13,19.485001,19.84
7/26/13,19.75,19.825001
7/29/13,19.77,19.924999
7/30/13,19.950001,19.799999
7/31/13,19.77,19.635
8/1/13,19.75,19.825001
8/2/13,19.799999,19.59
8/5/13,19.59,19.58
8/6/13,19.559999,19.645
8/7/13,19.620001,19.495001
8/8/13,19.620001,19.799999
8/9/13,19.73,19.440001
8/12/13,19.370001,19.48
8/13/13,19.440001,19.57
8/14/13,19.504999,19.41
8/15/13,19.299999,19.004999
8/16/13,19.035,19.125
8/19/13,19.08,18.969999
8/20/13,18.940001,18.889999
8/21/13,18.844999,18.735001
8/22/13,18.780001,18.610001
8/23/13,18.605,18.764999
8/26/13,18.805,18.43
8/27/13,18.290001,18.200001
8/28/13,18.16,18.200001
8/29/13,18.165001,18.389999
8/30/13,18.440001,18.299999
9/3/13,18.485001,18.41
9/4/13,18.450001,18.67
9/5/13,18.65,18.674999
9/6/13,18.73,18.700001
9/9/13,18.735001,18.844999
9/10/13,19,18.77
9/11/13,18.795,18.834999
9/12/13,19.014999,19.309999
9/13/13,19.42,19.514999
9/16/13,19.684999,19.84
9/17/13,19.895,20.275
9/18/13,20.155001,20.280001
9/19/13,20.299999,20.495001
9/20/13,20.48,20.379999
9/23/13,20.275,20.24
9/24/13,20.26,20.424999
9/25/13,20.49,20.334999
9/26/13,20.469999,20.48
9/27/13,20.4,20.344999
9/30/13,20.184999,20.17
10/1/13,20.174999,20.325001
10/2/13,20.215,20.290001
10/3/13,20.285,20.045
10/4/13,20.014999,20.280001
10/7/13,20.094999,19.950001
10/8/13,19.950001,19.875
10/9/13,19.889999,20.075001
10/10/13,20.209999,20.344999
10/11/13,20.395,20.855
10/14/13,20.745001,20.809999
10/15/13,20.73,20.504999
10/16/13,20.51,20.934999
10/17/13,20.889999,21.105
10/18/13,21.215,21.190001
10/21/13,21.215,21.125
10/22/13,21.165001,21.355
10/23/13,21.32,21.459999
10/24/13,21.440001,21.504999
10/25/13,21.459999,21.709999
10/28/13,21.780001,21.58
10/29/13,21.610001,21.65
10/30/13,21.65,21.445
10/31/13,21.459999,21.42
11/1/13,21.42,21.35
11/4/13,21.440001,21.254999
11/5/13,21.190001,21.325001
11/6/13,21.469999,21.379999
11/7/13,21.405001,20.825001
11/8/13,20.879999,20.98
11/11/13,20.98,20.764999
11/12/13,20.674999,20.955
11/13/13,20.82,21.065001
11/14/13,21.1,21.34
11/15/13,21.33,21.299999
11/18/13,21.299999,20.684999
11/19/13,20.684999,20.924999
11/20/13,20.950001,20.825001
11/21/13,20.844999,21
11/22/13,21,21.195
11/25/13,21.26,21.280001
11/26/13,21.209999,20.975
11/27/13,21.049999,20.940001
11/29/13,20.950001,20.875
12/2/13,20.865,20.895
12/3/13,20.885,21.049999
12/4/13,20.959999,20.76
12/5/13,20.775,20.030001
12/6/13,20.245001,20.219999
12/9/13,20.315001,20.209999
12/10/13,20.15,20.174999
12/11/13,20.195,20.18
12/12/13,20.125,19.995001
12/13/13,19.98,19.959999
12/16/13,20,20.030001
12/17/13,20.035,19.915001
12/18/13,19.965,20.040001
12/19/13,19.969999,19.834999
12/20/13,19.780001,19.85
12/23/13,19.975,19.945
12/24/13,19.91,19.945
12/26/13,19.940001,19.924999
12/27/13,19.91,19.77
12/30/13,19.799999,19.825001
12/31/13,19.865,19.764999
1/2/14,19.629999,19.639999
1/3/14,19.700001,19.549999
1/6/14,19.620001,19.379999
1/7/14,19.434999,19.5
1/8/14,19.465,19.475
1/9/14,19.530001,19.68
1/10/14,19.745001,19.73
1/13/14,19.695,19.305
1/14/14,19.305,19.5
1/15/14,19.549999,19.629999
1/16/14,19.030001,18.674999
1/17/14,18.73,18.395
1/21/14,18.530001,18.295
1/22/14,18.315001,18.215
1/23/14,18.15,18.200001
1/24/14,18.110001,18.040001
1/27/14,18.004999,17.889999
1/28/14,17.870001,18.325001
1/29/14,18.24,18.264999
1/30/14,18.365,18.209999
1/31/14,18.025,18.049999
2/3/14,18.049999,17.690001
2/4/14,17.665001,17.735001
2/5/14,17.635,17.725
2/6/14,17.780001,18.379999
2/7/14,18.415001,18.139999
2/10/14,18.115,18.094999
2/11/14,18.045,18.545
2/12/14,18.48,18.465
2/13/14,18.280001,18.545
2/14/14,18.525,18.690001
2/18/14,18.815001,18.799999
2/19/14,18.775,19.385
2/20/14,19.385,19.639999
2/21/14,19.615,19.799999
2/24/14,19.809999,19.889999
2/25/14,19.860001,19.825001
2/26/14,19.905001,20.014999
2/27/14,20.014999,20.07
2/28/14,20.094999,20.969999
3/3/14,20.84,20.995001
3/4/14,21.125,21.195
3/5/14,21.219999,21.84
3/6/14,22.41,21.684999
3/7/14,21.745001,21.889999
3/10/14,21.85,21.875
3/11/14,21.950001,21.67
3/12/14,21.705,21.934999
3/13/14,21.945,21.745001
3/14/14,21.73,21.955
3/17/14,22.02,22.01
3/18/14,22.040001,22
3/19/14,22.025,21.844999
3/20/14,21.82,21.995001
3/21/14,22.049999,21.985001
3/24/14,22.084999,21.805
3/25/14,21.879999,21.754999
3/26/14,21.879999,21.635
3/27/14,21.639999,21.815001
3/28/14,21.83,21.975
3/31/14,22.065001,21.825001
4/1/14,21.865,21.809999
4/2/14,21.870001,22.629999
4/3/14,22.665001,22.48
4/4/14,22.440001,22.34
4/7/14,22.34,22.07
4/8/14,22.105,22.155001
4/9/14,22.27,22.360001
4/10/14,22.34,21.934999
4/11/14,21.85,22
4/14/14,22.084999,22.290001
4/15/14,22.264999,22.01
4/16/14,22.135,22.16
4/17/14,22.07,22.139999
4/21/14,22.125,22.355
4/22/14,22.35,22.6
4/23/14,22.565001,22.725
4/24/14,22.715,22.674999
4/25/14,22.605,22.575001
4/28/14,22.635,22.77
4/29/14,22.834999,22.775
4/30/14,22.745001,23.02
5/1/14,23.055,23.084999
5/2/14,23.07,23.254999
5/5/14,23.18,23.225
5/6/14,23.17,23.195
5/7/14,22.995001,23.174999
5/8/14,23.139999,23.025
5/9/14,23.049999,23.18
5/12/14,23.275,23.344999
5/13/14,23.25,23.295
5/14/14,23.219999,23.334999
5/15/14,23.235001,23.145
5/16/14,23.18,23.495001
5/19/14,23.455,23.405001
5/20/14,23.365,23.27
5/21/14,23.344999,23.495001
5/22/14,23.924999,23.155001
5/23/14,23.209999,23.424999
5/27/14,23.469999,23.5
5/28/14,23.48,23.344999
5/29/14,23.440001,23.35
5/30/14,23.34,23.870001
6/2/14,23.9,23.754999
6/3/14,23.805,23.924999
6/4/14,23.879999,24.02
6/5/14,23.995001,24.09
6/6/14,24.110001,24.065001
6/9/14,24.065001,24.23
6/10/14,24.205,23.955
6/11/14,24.025,24.004999
6/12/14,23.92,23.620001
6/13/14,23.665001,23.575001
6/16/14,23.565001,23.540001
6/17/14,23.575001,23.445
6/18/14,23.434999,23.635
6/19/14,24.975,24.83
6/20/14,24.955,24.92
6/23/14,24.799999,24.700001
6/24/14,24.645,24.584999
6/25/14,24.610001,24.610001
6/26/14,24.625,24.695
6/27/14,24.74,24.959999
6/30/14,24.855,24.715
7/1/14,24.6,24.764999
7/2/14,24.715,24.715
7/3/14,24.785,24.83
7/7/14,24.75,24.735001
7/8/14,24.690001,24.485001
7/9/14,24.629999,24.645
7/10/14,24.455,24.485001
7/11/14,24.495001,24.41
7/14/14,24.485001,24.629999
7/15/14,24.809999,24.665001
7/16/14,24.565001,24.674999
7/17/14,24.5,24.639999
7/18/14,24.635,24.799999
7/21/14,24.74,24.74
7/22/14,24.809999,25.084999
7/23/14,25.120001,25.084999
7/24/14,25.16,25.5
7/25/14,25.450001,25.355
7/28/14,25.375,25.065001
7/29/14,25.219999,25.129999
7/30/14,25.18,24.865
7/31/14,24.77,24.49
8/1/14,24.5,24.625
8/4/14,24.66,24.68
8/5/14,24.525,24.355
8/6/14,24.344999,24.610001
8/7/14,24.764999,24.485001
8/8/14,24.485001,24.705
8/11/14,24.795,25.125
8/12/14,25.084999,25.055
8/13/14,25.014999,24.870001
8/14/14,24.92,25.275
8/15/14,25.275,25.084999
8/18/14,25.17,25.094999
8/19/14,25.110001,25.200001
8/20/14,25.215,25.264999
8/21/14,25.264999,25.225
8/22/14,25.225,25.15
8/25/14,25.280001,25.065001
8/26/14,25.145,25.24
8/27/14,25.215,25.43
8/28/14,25.375,25.5
8/29/14,25.555,25.49
9/2/14,25.514999,25.665001
9/3/14,25.809999,25.799999
9/4/14,25.795,25.924999
9/5/14,25.915001,26.205
9/8/14,26.165001,26.084999
9/9/14,26.285,25.870001
9/10/14,25.875,25.934999
9/11/14,26.295,26.084999
9/12/14,26.084999,25.915001
9/15/14,25.92,25.775
9/16/14,25.725,26.110001
9/17/14,26.09,26.15
9/18/14,26.195,26.245001
9/19/14,26.355,26.075001
9/22/14,26.084999,26.014999
9/23/14,25.959999,26.014999
9/24/14,26.09,26.389999
9/25/14,26.275,25.844999
9/26/14,25.875,25.865
9/29/14,25.75,25.985001
9/30/14,26.165001,26
10/1/14,25.959999,25.799999
10/2/14,25.879999,25.75
10/3/14,25.915001,26.440001
10/6/14,26.629999,26.51
10/7/14,26.469999,26.475
10/8/14,26.555,27.035
10/9/14,27,26.629999
10/10/14,26.75,26.959999
10/13/14,26.975,26.455
10/14/14,26.584999,26.700001
10/15/14,26.32,26.17
10/16/14,25.65,25.610001
10/17/14,25.780001,25.825001
10/20/14,25.795,26.424999
10/21/14,26.57,26.844999
10/22/14,26.959999,27.045
10/23/14,27.165001,27.145
10/24/14,27.17,27.094999
10/27/14,27.110001,27.285
10/28/14,27.344999,27.315001
10/29/14,27.334999,27.275
10/30/14,27.24,27.530001
10/31/14,27.809999,27.855
11/3/14,27.865,28.219999
11/4/14,28.25,28.540001
11/5/14,28.895,28.754999
11/6/14,28.885,28.879999
11/7/14,28.799999,28.9
11/10/14,28.92,29.280001
11/11/14,29.370001,29.139999
11/12/14,29.045,29.190001
11/13/14,29.25,29.195
11/14/14,29.200001,28.855
11/17/14,28.865,29.145
11/18/14,29.145,29.26
11/19/14,29.375,29.245001
11/20/14,29.16,29.110001
11/21/14,29.395,29.184999
11/24/14,29.275,29.254999
11/25/14,29.290001,29.41
11/26/14,29.405001,29.610001
11/28/14,29.805,29.92
12/1/14,29.905001,29.91
12/2/14,29.98,29.745001
12/3/14,29.825001,29.33
12/4/14,30.27,30.379999
12/5/14,30.49,30.49
12/8/14,30.5,30.68
12/9/14,30.5,30.745001
12/10/14,31.195,30.68
12/11/14,30.700001,30.945
12/12/14,30.695,30.775
12/15/14,30.825001,30.764999
12/16/14,30.75,30.75
12/17/14,30.879999,31.23
12/18/14,31.545,31.82
12/19/14,31.98,31.775
12/22/14,31.844999,32.110001
12/23/14,32.25,32.139999
12/24/14,32.215,32.025002
12/26/14,32.145,32.145
12/29/14,32.130001,32.195
12/30/14,32.18,32.255001
12/31/14,32.255001,32.105
1/2/15,32.055,31.764999
1/5/15,31.715,31.540001
1/6/15,31.639999,31.540001
1/7/15,31.780001,32.494999
1/8/15,32.674999,33.099998
1/9/15,33.09,32.919998
1/12/15,32.945,33
1/13/15,33.145,33
1/14/15,32.834999,32.875
1/15/15,33.080002,33.305
1/16/15,33.27,33.369999
1/20/15,33.615002,33.200001
1/21/15,33.215,33.5
1/22/15,33.564999,33.849998
1/23/15,33.884998,33.98
1/26/15,33.970001,34.459999
1/27/15,34.209999,34.669998
1/28/15,34.880001,34.439999
1/29/15,34.369999,34.669998
1/30/15,34.439999,34.525002
2/2/15,34.505001,34.84
2/3/15,34.98,35.25
2/4/15,35.275002,35.674999
2/5/15,35.775002,35.775002
2/6/15,35.825001,35.855
2/9/15,35.775002,35.424999
2/10/15,35.630001,35.845001
2/11/15,35.82,35.855
2/12/15,35.990002,36.224998
2/13/15,36.224998,36.43
2/17/15,36.279999,36.625
2/18/15,36.544998,36.715
2/19/15,36.654999,36.220001
2/20/15,36.290001,36.395
2/23/15,36.415001,36.57
2/24/15,36.59,36.459999
2/25/15,36.395,36.174999
2/26/15,36.150002,36.044998
2/27/15,35.994999,35.575001
3/2/15,35.509998,35.470001
3/3/15,35.275002,34.990002
3/4/15,34.740002,34.825001
3/5/15,36.75,37.154999
3/6/15,36.924999,37.174999
3/9/15,37.25,37.535
3/10/15,37.419998,37
3/11/15,37.235001,37.355
3/12/15,37.490002,38.145
3/13/15,38.150002,38.174999
3/16/15,38.375,38.525002
3/17/15,38.360001,38
3/18/15,38.009998,37.900002
3/19/15,38.115002,38.200001
3/20/15,38.220001,38.415001
3/23/15,38.325001,38.470001
3/24/15,38.5,38.584999
3/25/15,38.775002,37.959999
3/26/15,37.75,38.044998
3/27/15,38.02,38.165001
3/30/15,38.310001,38.619999
3/31/15,38.509998,38.330002
4/1/15,38.365002,38.384998
4/2/15,38.279999,38.564999
4/6/15,38.355,38.485001
4/7/15,38.564999,38.18
4/8/15,38.244999,38.450001
4/9/15,38.459999,38.404999
4/10/15,38.314999,38.535
4/13/15,38.485001,38.165001
4/14/15,38.264999,37.610001
4/15/15,37.654999,36.955002
4/16/15,36.849998,36.685001
4/17/15,36.5,35.919998
4/20/15,36.169998,35.639999
4/21/15,35.705002,35.915001
4/22/15,35.965,35.195
4/23/15,35.169998,35.465
4/24/15,35.695,35.849998
4/27/15,35.93,35.275002
4/28/15,35.145,34.709999
4/29/15,34.615002,34.395
4/30/15,34.360001,34.455002
5/1/15,34.525002,35.064999
5/4/15,35.035,35.005001
5/5/15,34.779999,34.105
5/6/15,34.419998,34.900002
5/7/15,34.724998,35.325001
5/8/15,35.514999,35.895
5/11/15,35.950001,35.919998
5/12/15,35.82,35.669998
5/13/15,35.724998,35.615002
5/14/15,35.855,36.220001
5/15/15,36.285,36.549999
5/18/15,36.415001,36.544998
5/19/15,36.630001,36.735001
5/20/15,36.535,36.880001
5/21/15,36.849998,37.025002
5/22/15,37.075001,37.209999
5/26/15,37.165001,37.115002
5/27/15,37.009998,37.095001
5/28/15,36.994999,36.970001
5/29/15,37.049999,36.400002
6/1/15,36.595001,36.494999
6/2/15,36.345001,36.150002
6/3/15,36.185001,36.294998
6/4/15,36.209999,36.099998
6/5/15,36.025002,35.505001
6/8/15,35.595001,35.345001
6/9/15,35.285,35.349998
6/10/15,35.369999,35.645
6/11/15,35.869999,35.889999
6/12/15,35.724998,35.825001
6/15/15,35.544998,35.869999
6/16/15,35.834999,36.174999
6/17/15,36.299999,36.455002
6/18/15,37.384998,36.77
6/19/15,36.75,36.974998
6/22/15,37.145,37.145
6/23/15,37.16,36.724998
6/24/15,36.77,36.470001
6/25/15,36.494999,36.474998
6/26/15,36.595001,36.555
6/29/15,36.485001,36.334999
6/30/15,36.514999,36.255001
7/1/15,36.544998,36.615002
7/2/15,36.715,36.555
7/6/15,36.395,36.785
7/7/15,36.950001,37.695
7/8/15,37.535,37.575001
7/9/15,37.974998,37.785
7/10/15,38,38.169998
7/13/15,38.48,38.474998
7/14/15,38.41,38.200001
7/15/15,38.080002,38.330002
7/16/15,38.349998,38.59
7/17/15,38.59,38.720001
7/20/15,38.84,39.169998
7/21/15,39.209999,38.959999
7/22/15,38.950001,39.009998
7/23/15,39.130001,38.669998
7/24/15,38.650002,38.360001
7/27/15,38.169998,38.200001
7/28/15,38.509998,38.720001
7/29/15,38.779999,38.799999
7/30/15,38.549999,39
7/31/15,39.110001,39.240002
8/3/15,39.23,39.400002
8/4/15,39.25,38.560001
8/5/15,38.799999,39.080002
8/6/15,39.110001,38.720001
8/7/15,38.619999,37.82
8/10/15,38.080002,37.540001
8/11/15,37.389999,37.389999
8/12/15,37.119999,37.799999
8/13/15,37.84,38.209999
8/14/15,38.02,38.349998
8/17/15,38.189999,38.650002
8/18/15,38.529999,38.599998
8/19/15,38.43,37.360001
8/20/15,37.169998,36.68
8/21/15,35.93,34.93
8/24/15,30,33.77
8/25/15,35.189999,33.66
8/26/15,34.389999,35.080002
8/27/15,35.630001,35.529999
8/28/15,35.5,34.939999
8/31/15,34.869999,34.5
9/1/15,33.98,33.849998
9/2/15,34.310001,34.650002
9/3/15,34.75,34.57
9/4/15,34.299999,34.07
9/8/15,34.66,35.049999
9/9/15,35.349998,34.400002
9/10/15,34.43,35.400002
9/11/15,37.41,37.290001
9/14/15,37.27,37.419998
9/15/15,37.43,37.16
9/16/15,37.400002,37.18
9/17/15,37.25,37.5
9/18/15,37.259998,36.73
9/21/15,37.060001,36.66
9/22/15,36.369999,36.41
9/23/15,36.470001,36.380001
9/24/15,36.040001,35.959999
9/25/15,36.220001,36.110001
9/28/15,35.880001,35.75
9/29/15,35.75,35.610001
9/30/15,35.98,36.07
10/1/15,36.119999,36.68
10/2/15,36.349998,37.139999
10/5/15,37.220001,38.07
10/6/15,38.029999,37.130001
10/7/15,37.349998,37.509998
10/8/15,37.490002,38
10/9/15,38.040001,38.029999
10/12/15,38.02,38.200001
10/13/15,38.16,37.439999
10/14/15,37.48,36.330002
10/15/15,36.639999,37.07
10/16/15,37.169998,37.509998
10/19/15,37.5,37.830002
10/20/15,37.93,37.720001
10/21/15,37.849998,38.080002
10/22/15,38.259998,38.290001
10/23/15,38.5,37.82
10/26/15,37.900002,37.549999
10/27/15,37.240002,36.990002
10/28/15,37.169998,37.700001
10/29/15,37.700001,37.650002
10/30/15,37.549999,37.799999
11/2/15,37.799999,38.200001
11/3/15,37.959999,37.759998
11/4/15,37.93,37.009998
11/5/15,37.189999,37.07
11/6/15,37.049999,37.57
11/9/15,37.349998,37.200001
11/10/15,37.150002,37.27
11/11/15,37.43,37.029999
11/12/15,36.990002,36.509998
11/13/15,36.450001,36.049999
11/16/15,36.049999,36.540001
11/17/15,36.68,37.02
11/18/15,37.02,37.540001
11/19/15,37.549999,37.32
11/20/15,37.450001,37.310001
11/23/15,37.290001,37.25
11/24/15,37.02,37.119999
11/25/15,37.119999,37.169998
11/27/15,37.369999,38.009998
11/30/15,38.049999,37.66
12/1/15,38.009998,38.200001
12/2/15,38.240002,38.110001
12/3/15,38.720001,39.91
12/4/15,39.900002,40.549999
12/7/15,40.880001,41.43
12/8/15,41.279999,41.41
12/9/15,41.110001,41.25
12/10/15,41.360001,41.130001
12/11/15,40.720001,41.080002
12/14/15,41.23,41.860001
12/15/15,42.09,42.310001
12/16/15,42.48,42.43
12/17/15,42.369999,41.939999
12/18/15,41.560001,40.639999
12/21/15,41.060001,41.209999
12/22/15,41.48,42.099998
12/23/15,42.279999,42.310001
12/24/15,42.310001,42.459999
12/28/15,42.299999,42.450001
12/29/15,42.59,42.639999
12/30/15,42.689999,42.310001
12/31/15,42.09,41.830002
1/4/16,41.16,41.16
1/5/16,41.290001,42.09
1/6/16,41.759998,42.049999
1/7/16,41.330002,41.07
1/8/16,41.259998,40.799999
1/11/16,41.080002,41.279999
1/12/16,41.529999,41.240002
1/13/16,41.209999,39.200001
1/14/16,39.580002,39.029999
1/15/16,38.169998,38.490002
1/19/16,38.650002,38.189999
1/20/16,37.68,37.849998
1/21/16,37.869999,37.150002
1/22/16,37.549999,37.119999
1/25/16,37.259998,36.669998
1/26/16,36.66,36.779999
1/27/16,36.889999,37.459999
1/28/16,37.540001,37.82
1/29/16,38,38.810001
2/1/16,38.740002,40.110001
2/2/16,39.75,40.150002
2/3/16,40.290001,40.18
2/4/16,39.720001,38.959999
2/5/16,39,37.630001
2/8/16,37.080002,36.82
2/9/16,36.259998,36.73
2/10/16,36.740002,36.849998
2/11/16,36.419998,36.43
2/12/16,37.139999,38.330002
2/16/16,38.639999,38.490002
2/17/16,38.5,39.419998
2/18/16,39,38.060001
2/19/16,37.790001,37.82
2/22/16,38.099998,38.27
2/23/16,38.119999,38.779999
2/24/16,38.439999,38.700001
2/25/16,38.880001,39.459999
2/26/16,39.549999,39.450001
2/29/16,39.700001,39.91
3/1/16,40.360001,40.619999
3/2/16,40.68,40.650002
3/3/16,37.810001,37.799999
3/4/16,37.619999,36.84
3/7/16,36.59,37.049999
3/8/16,36.93,37.02
3/9/16,37.099998,37.810001
3/10/16,37.810001,37.73
3/11/16,37.900002,38.639999
3/14/16,38.43,38.389999
3/15/16,38.009998,38.139999
3/16/16,37.869999,38.610001
3/17/16,38.450001,38.09
3/18/16,38.139999,38.560001
3/21/16,38.380001,38.130001
3/22/16,38.18,37.950001
3/23/16,37.919998,37.59
3/24/16,37.200001,37.650002
3/28/16,37.639999,38.060001
3/29/16,37.810001,38.029999
3/30/16,38.049999,38.09
3/31/16,38.080002,38.25
4/1/16,37.939999,38.32
4/4/16,38.32,38.029999
4/5/16,37.700001,38.220001
4/6/16,38.220001,39.080002
4/7/16,38.860001,38.169998
4/8/16,38.200001,37.990002
4/11/16,38,37.169998
4/12/16,37.200001,37.16
4/13/16,37.389999,37.860001
4/14/16,37.490002,37.07
4/15/16,37.169998,36.91
4/18/16,36.610001,36.68
4/19/16,36.779999,36.23
4/20/16,36.369999,36.950001
4/21/16,36.950001,36.470001
4/22/16,36.360001,35.580002
4/25/16,35.450001,36.77
4/26/16,36.740002,36.400002
4/27/16,36.48,36.310001
4/28/16,36.130001,35.919998
4/29/16,35.669998,35.389999
5/2/16,35.52,35.43
5/3/16,35.18,35.200001
5/4/16,35.029999,35
5/5/16,34.48,34.919998
5/6/16,34.889999,34.549999
5/9/16,34.799999,35.84
5/10/16,35.439999,35.240002
5/11/16,34.98,34.709999
5/12/16,34.77,34.889999
5/13/16,34.720001,34.860001
5/16/16,34.790001,34.759998
5/17/16,34.639999,34.459999
5/18/16,34.299999,34.369999
5/19/16,34.490002,34.830002
5/20/16,34.950001,34.619999
5/23/16,34.650002,34.799999
5/24/16,34.82,35.52
5/25/16,35.549999,34.939999
5/26/16,34.990002,35.59
5/27/16,35.73,35.709999
5/31/16,35.720001,35.759998
6/1/16,35.790001,36.419998
6/2/16,36.299999,36.439999
6/3/16,36.200001,36.25
6/6/16,36.220001,36.02
6/7/16,36.110001,36.290001
6/8/16,36.310001,36.52
6/9/16,36.5,36.580002
6/10/16,36.380001,36.810001
6/13/16,36.450001,36.139999
6/14/16,35.959999,35.759998
6/15/16,35.48,35.709999
6/16/16,36.98,35.470001
6/17/16,35.369999,35.18
6/20/16,35.299999,34.709999
6/21/16,34.75,34.470001
6/22/16,34.5,34.220001
6/23/16,34.540001,34.669998
6/24/16,34,35.139999
6/27/16,34.880001,36.619999
6/28/16,36.810001,36.049999
6/29/16,36.349998,36.450001
6/30/16,36.450001,36.790001
7/1/16,36.889999,36.549999
7/5/16,36.599998,37.330002
7/6/16,37.310001,37.580002
7/7/16,37.509998,37.32
7/8/16,37.560001,37.860001
7/11/16,37.869999,37.540001
7/12/16,37.560001,37.389999
7/13/16,37.34,37.48
7/14/16,37.48,37.299999
7/15/16,37.049999,36.709999
7/18/16,36.689999,36.34
7/19/16,36.299999,36.209999
7/20/16,36.389999,36.400002
7/21/16,36.290001,35.959999
7/22/16,36.130001,35.98
7/25/16,35.73,35.790001
7/26/16,36.16,36.419998
7/27/16,36.32,35.57
7/28/16,35.23,34.400002
7/29/16,34.299999,34.189999
8/1/16,34.200001,34.009998
8/2/16,33.450001,32.610001
8/3/16,32.689999,33.200001
8/4/16,33.200001,32.549999
8/5/16,32.650002,32.619999
8/8/16,32.619999,32.310001
8/9/16,32.380001,32.290001
8/10/16,32.380001,32.5
8/11/16,32.549999,32.299999
8/12/16,32.419998,32.580002
8/15/16,32.630001,32.73
8/16/16,32.540001,32.099998
8/17/16,32.119999,31.879999
8/18/16,31.959999,32.459999
8/19/16,32.470001,32.610001
8/22/16,32.639999,32.860001
8/23/16,32.580002,32.25
8/24/16,32.25,32.990002
8/25/16,32.849998,32.759998
8/26/16,32.77,32.68
8/29/16,32.459999,32.330002
8/30/16,32.330002,32.16
8/31/16,32.16,31.99
9/1/16,32.099998,31.959999
9/2/16,32.139999,32.5
9/6/16,32.580002,32.669998
9/7/16,31.66,31.32
9/8/16,31,31.309999
9/9/16,31.049999,31.51
9/12/16,31.41,30.889999
9/13/16,30.809999,30.950001
9/14/16,30.950001,30.709999
9/15/16,30.76,31.25
9/16/16,31.299999,31.08
9/19/16,31.059999,30.790001
9/20/16,30.950001,31.09
9/21/16,31.17,30.84
9/22/16,30.860001,30.75
9/23/16,30.790001,30.450001
9/26/16,30.379999,30.08
9/27/16,30.049999,29.9
9/28/16,29.969999,29.84
9/29/16,29.84,29.5
9/30/16,29.51,29.68
10/3/16,29.57,29.280001
10/4/16,29.25,29
10/5/16,28.969999,28.84
10/6/16,28.75,29.370001
10/7/16,29.370001,29
10/10/16,29,29.049999
10/11/16,29.309999,30.110001
10/12/16,30.24,31.17
10/13/16,31.07,31.129999
10/14/16,31.17,31.27
10/17/16,31.33,30.83
10/18/16,30.860001,30.639999
10/19/16,30.49,31.01
10/20/16,31.030001,30.92
10/21/16,30.98,30.76
10/24/16,30.85,31.18
10/25/16,31.059999,30.91
10/26/16,30.790001,30.9
10/27/16,30.959999,31.02
10/28/16,30.98,31.26
10/31/16,31.299999,30.98
11/1/16,31.09,30.790001
11/2/16,30.85,32.220001
11/3/16,32.220001,31.02
11/4/16,30.959999,30.92
11/7/16,31.190001,31.24
11/8/16,31.15,30.9
11/9/16,30.530001,32.290001
11/10/16,32.189999,32.869999
11/11/16,32.900002,33.52
11/14/16,33.549999,34.639999
11/15/16,34.619999,34.860001
11/16/16,34.75,33.700001
11/17/16,32.970001,33.52
11/18/16,33.509998,33.450001
11/21/16,33.450001,33.529999
11/22/16,33.68,33.470001
11/23/16,33.360001,33.700001
11/25/16,33.91,33.880001
11/28/16,33.880001,33.66
11/29/16,33.709999,33.099998
11/30/16,32.810001,32.299999
12/1/16,31.16,33.360001
12/2/16,33.299999,33.299999
12/5/16,33.130001,32.93
12/6/16,32.830002,33.07
12/7/16,33.060001,33.630001
12/8/16,33.869999,34.189999
12/9/16,34.189999,34.779999
12/12/16,34.66,34.220001
12/13/16,34.02,34.419998
12/14/16,34.700001,34.720001
12/15/16,34.77,35.959999
12/16/16,36.02,35.939999
12/19/16,36.029999,35.880001
12/20/16,35.880001,35.490002
12/21/16,35.400002,35.209999
12/22/16,35.150002,34.98
12/23/16,35.060001,35.080002
12/27/16,34.970001,35.169998
12/28/16,35.16,34.68
12/29/16,34.669998,34.59
12/30/16,34.630001,34.509998
1/3/17,34.5,33.720001
1/4/17,33.779999,33.240002
1/5/17,33.139999,33.209999
1/6/17,33.119999,33.110001
1/9/17,33.169998,32.919998
1/10/17,32.84,33.189999
1/11/17,32.950001,33.07
1/12/17,33,33.52
1/13/17,33.73,34.099998
1/17/17,34.099998,34.84
1/18/17,34.889999,34.91
1/19/17,34.740002,34.259998
1/20/17,34.43,34.09
1/23/17,34.080002,33.529999
1/24/17,33.450001,33.389999
1/25/17,33.57,33.470001
1/26/17,33.619999,33.740002
1/27/17,33.740002,33.360001
1/30/17,33.240002,33.599998
1/31/17,33.619999,33.959999
2/1/17,33.810001,33.439999
2/2/17,33.709999,34.099998
2/3/17,34.040001,34.02
2/6/17,33.959999,33.689999
2/7/17,33.650002,33.080002
2/8/17,33.060001,32.84
2/9/17,32.84,33.490002
2/10/17,33.5,33.48
2/13/17,33.439999,33.209999
2/14/17,33.18,33.07
2/15/17,33.200001,33.509998
2/16/17,33.650002,33.939999
2/17/17,33.900002,34.009998
2/21/17,34.099998,34.220001
2/22/17,34.049999,33.23
2/23/17,33.389999,32.990002
2/24/17,32.82,33.290001
2/27/17,32.84,32.220001
2/28/17,32.080002,31.799999
3/1/17,31.93,32.060001
3/2/17,32.060001,30.67
3/3/17,30.68,29.629999
3/6/17,29.620001,29.370001
3/7/17,29.1,28.809999
3/8/17,28.85,29
3/9/17,29.01,28.83
3/10/17,28.98,28.82
3/13/17,28.83,28.690001
3/14/17,28.610001,28.700001
3/15/17,28.83,28.84
3/16/17,28.879999,29.32
3/17/17,29.530001,29.549999
3/20/17,29.6,29.190001
3/21/17,29.219999,28.93
3/22/17,29,28.959999
3/23/17,29.34,29.26
3/24/17,29.25,29.1
3/27/17,29,28.93
3/28/17,28.969999,29.040001
3/29/17,29.02,29.34
3/30/17,29.32,29.200001
3/31/17,29.33,29.49
4/3/17,29.459999,29.4
4/4/17,29.299999,29.690001
4/5/17,29.690001,29.309999
4/6/17,29.450001,29.51
4/7/17,29.379999,29.860001
4/10/17,29.9,30.190001
4/11/17,30.24,29.57