2/19/13,200.600006,200.320007
2/20/13,200.619995,199.309998
2/21/13,198.630005,198.330002
2/22/13,199.229996,201.089996
2/25/13,201.669998,197.509995
2/26/13,198.630005,199.139999
2/27/13,198.889999,202.330002
2/28/13,202.179993,200.830002
3/1/13,200.649994,202.910004
3/4/13,202.589996,205.190002
3/5/13,205.860001,206.529999
3/6/13,207.029999,208.380005
3/7/13,208.289993,209.419998
3/8/13,209.850006,210.380005
3/11/13,210.039993,210.080002
3/12/13,209.399994,210.550003
3/13/13,210.199997,212.059998
3/14/13,212.149994,215.800003
3/15/13,215.380005,214.919998
3/18/13,212.899994,213.210007
3/19/13,214.130005,213.440002
3/20/13,214.759995,215.059998
3/21/13,212.960007,212.259995
3/22/13,212.210007,212.080002
3/25/13,212.539993,210.740005
3/26/13,211.770004,212.360001
3/27/13,210.960007,210.889999
3/28/13,209.830002,213.300003
4/1/13,212.800003,212.380005
4/2/13,212.919998,214.360001
4/3/13,214.320007,212.660004
4/4/13,212.770004,211.309998
4/5/13,209.100006,209.410004
4/8/13,209.070007,209.320007
4/9/13,209.559998,209.220001
4/10/13,211.860001,212
4/11/13,211.5,212.919998
4/12/13,210.789993,211.380005
4/15/13,210.440002,209.259995
4/16/13,210.839996,212
4/17/13,210.529999,209.669998
4/18/13,210.110001,207.149994
4/19/13,195.740005,190
4/22/13,191.149994,187.830002
4/23/13,189.270004,191.610001
4/24/13,192.160004,191.710007
4/25/13,192.690002,193.949997
4/26/13,194.160004,194.309998
4/29/13,194.779999,199.149994
4/30/13,199.130005,202.539993
5/1/13,201.869995,199.630005
5/2/13,200.119995,202.389999
5/3/13,203.940002,204.509995
5/6/13,203.789993,202.779999
5/7/13,202.809998,203.630005
5/8/13,202.940002,204.820007
5/9/13,204.690002,203.240005
5/10/13,203.369995,204.470001
5/13/13,204.179993,202.470001
5/14/13,202.089996,203.210007
5/15/13,202.25,203.320007
5/16/13,204,204.690002
5/17/13,205.25,208.440002
5/20/13,208.020004,207.600006
5/21/13,207.240005,208.649994
5/22/13,208.5,206.990005
5/23/13,205.479996,206.160004
5/24/13,204.690002,205.720001
5/28/13,207.440002,207.779999
5/29/13,206.220001,207.919998
5/30/13,206.970001,209.360001
5/31/13,208.589996,208.020004
6/3/13,208.25,208.949997
6/4/13,208.600006,206.190002
6/5/13,205.160004,202.740005
6/6/13,203,203.800003
6/7/13,204.850006,206.350006
6/10/13,206.970001,205.020004
6/11/13,203.169998,203.979996
6/12/13,204.589996,201.199997
6/13/13,201.009995,203.770004
6/14/13,203.970001,202.199997
6/17/13,203.440002,203.039993
6/18/13,203.020004,204.869995
6/19/13,204.440002,201.940002
6/20/13,200.669998,197.350006
6/21/13,198.5,195.460007
6/24/13,193.990005,193.539993
6/25/13,195.309998,194.979996
6/26/13,195.970001,194.860001
6/27/13,196.050003,195.649994
6/28/13,191.729996,191.110001
7/1/13,192.149994,191.279999
7/2/13,190.779999,191.5
7/3/13,190.979996,193.25
7/5/13,194.490005,194.929993
7/8/13,195.600006,194.979996
7/9/13,191.880005,191.300003
7/10/13,191.509995,192.25
7/11/13,193.779999,192.800003
7/12/13,193.070007,192.070007
7/15/13,192.419998,194
7/16/13,194.039993,193.850006
7/17/13,194.720001,194.550003
7/18/13,198.270004,197.990005
7/19/13,197.910004,193.539993
7/22/13,193.399994,194.089996
7/23/13,194.210007,194.979996
7/24/13,195.949997,196.610001
7/25/13,196.300003,197.220001
7/26/13,196.589996,197.350006
7/29/13,196.830002,196.210007
7/30/13,196.990005,196.009995
7/31/13,194.490005,195.039993
8/1/13,196.649994,195.809998
8/2/13,195.5,195.160004
8/5/13,195.160004,195.5
8/6/13,192.259995,190.990005
8/7/13,189.600006,188.559998
8/8/13,189.449997,187.929993
8/9/13,188,187.820007
8/12/13,186.970001,189.089996
8/13/13,189.539993,188.419998
8/14/13,188.580002,187.529999
8/15/13,186.229996,185.789993
8/16/13,185.539993,185.339996
8/19/13,185.300003,184.229996
8/20/13,184.369995,184.559998
8/21/13,184.669998,184.860001
8/22/13,185.649994,185.190002
8/23/13,185.339996,185.419998
8/26/13,185.270004,184.740005
8/27/13,183.630005,182.740005
8/28/13,182.679993,182.160004
8/29/13,181.960007,182.639999
8/30/13,182.75,182.270004
9/3/13,183.630005,183.960007
9/4/13,183.580002,183.130005
9/5/13,183.350006,184.149994
9/6/13,184.649994,183.029999
9/9/13,183.679993,184.979996
9/10/13,187.199997,186.600006
9/11/13,186.830002,190.699997
9/12/13,190.960007,190.729996
9/13/13,191.210007,192.169998
9/16/13,193.699997,193.149994
9/17/13,193.419998,192.160004
9/18/13,192.600006,194.419998
9/19/13,194.179993,193.389999
9/20/13,193.960007,190.020004
9/23/13,190.059998,190.990005
9/24/13,190.929993,189.970001
9/25/13,190.139999,189.470001
9/26/13,190.100006,190.220001
9/27/13,188.869995,186.919998
9/30/13,185.559998,185.179993
10/1/13,185.339996,186.380005
10/2/13,185.539993,184.960007
10/3/13,184.699997,183.860001
10/4/13,184.169998,184.100006
10/7/13,181.850006,182.009995
10/8/13,181.889999,178.720001
10/9/13,179.369995,181.320007
10/10/13,183.169998,184.770004
10/11/13,185.25,186.160004
10/14/13,185.410004,186.970001
10/15/13,185.740005,184.660004
10/16/13,185.419998,186.729996
10/17/13,173.839996,174.830002
10/18/13,174.800003,173.779999
10/21/13,174.419998,172.860001
10/22/13,173.350006,174.970001
10/23/13,175.089996,175.770004
10/24/13,176.429993,177.800003
10/25/13,178.429993,176.850006
10/28/13,177.039993,177.350006
10/29/13,177.619995,182.119995
10/30/13,181.690002,180.149994
10/31/13,179.649994,179.210007
11/1/13,179.809998,179.229996
11/4/13,179.899994,180.270004
11/5/13,179.539993,177.850006
11/6/13,177.910004,179.190002
11/7/13,179.600006,180
11/8/13,178.830002,179.990005
11/11/13,180.190002,182.880005
11/12/13,182.529999,183.070007
11/13/13,182.270004,183.550003
11/14/13,180.479996,182.210007
11/15/13,182.380005,183.190002
11/18/13,183.520004,184.470001
11/19/13,184.630005,185.25
11/20/13,185.220001,185.190002
11/21/13,185.539993,184.130005
11/22/13,183.5,181.300003
11/25/13,180.25,178.940002
11/26/13,178.669998,177.309998
11/27/13,177.830002,178.970001
11/29/13,179.210007,179.679993
12/2/13,179.460007,177.479996
12/3/13,177,176.080002
12/4/13,175.369995,175.740005
12/5/13,176.149994,176.080002
12/6/13,176.699997,177.669998
12/9/13,177.990005,177.460007
12/10/13,176.899994,177.119995
12/11/13,177,175.199997
12/12/13,175.059998,173.369995
12/13/13,173.520004,172.800003
12/16/13,173.220001,177.850006
12/17/13,177.360001,175.759995
12/18/13,176.449997,178.699997
12/19/13,177.880005,180.220001
12/20/13,180.119995,180.020004
12/23/13,181.050003,182.229996
12/24/13,181.960007,183.220001
12/26/13,183.559998,185.350006
12/27/13,185.839996,185.080002
12/30/13,185.320007,186.410004
12/31/13,186.490005,187.570007
1/2/14,187.210007,185.529999
1/3/14,185.830002,186.639999
1/6/14,187.149994,186
1/7/14,186.389999,189.710007
1/8/14,189.330002,187.970001
1/9/14,189.020004,187.380005
1/10/14,188.309998,187.259995
1/13/14,186.259995,184.160004
1/14/14,185.059998,185.919998
1/15/14,185.820007,187.740005
1/16/14,187.529999,188.759995
1/17/14,188.039993,190.089996
1/21/14,190.229996,188.429993
1/22/14,181.279999,182.25
1/23/14,181.429993,182.729996
1/24/14,181.25,179.639999
1/27/14,179.610001,177.899994
1/28/14,178.050003,176.850006
1/29/14,175.979996,176.399994
1/30/14,177.169998,177.360001
1/31/14,176.110001,176.679993
2/3/14,176.020004,172.899994
2/4/14,173.529999,172.839996
2/5/14,172.190002,174.240005
2/6/14,173.970001,174.669998
2/7/14,175.639999,177.25
2/10/14,176.970001,177.139999
2/11/14,176.809998,179.699997
2/12/14,179.520004,180.240005
2/13/14,178.220001,181.839996
2/14/14,181.259995,183.690002
2/18/14,183.179993,183.190002
2/19/14,182.740005,182.949997
2/20/14,182.960007,184.259995
2/21/14,184.25,182.789993
2/24/14,182.820007,183.449997
2/25/14,183.520004,183.229996
2/26/14,183.940002,184.059998
2/27/14,183.830002,185.270004
2/28/14,185.380005,185.169998
3/3/14,183.330002,184.259995
3/4/14,185.809998,186.440002
3/5/14,186.570007,187.139999
3/6/14,187.369995,187.639999
3/7/14,188.350006,187.679993
3/10/14,187.550003,186.389999
3/11/14,187.410004,186.759995
3/12/14,186.009995,186.220001
3/13/14,186.410004,183.899994
3/14/14,183.889999,182.210007
3/17/14,182.660004,185.809998
3/18/14,185.990005,186.809998
3/19/14,185.600006,184.710007
3/20/14,184.470001,187.899994
3/21/14,188.5,186.669998
3/24/14,187.429993,188.25
3/25/14,188.759995,195.039993
3/26/14,194.979996,192.619995
3/27/14,191.910004,189.830002
3/28/14,189.940002,190.449997
3/31/14,191.639999,192.490005
4/1/14,193.119995,194.5
4/2/14,194.240005,193.550003
4/3/14,193.199997,192.690002
4/4/14,193.119995,191.770004
4/7/14,191.720001,194.520004
4/8/14,193.889999,193.289993
4/9/14,193.880005,196.639999
4/10/14,196.059998,195.679993
4/11/14,195.039993,195.190002
4/14/14,196.240005,197.770004
4/15/14,195.979996,197.020004
4/16/14,198.050003,196.399994
4/17/14,187.25,190.009995
4/21/14,189.800003,192.270004
4/22/14,192.009995,192.149994
4/23/14,191.789993,191.729996
4/24/14,192.220001,190.220001
4/25/14,190.539993,189.630005
4/28/14,191.139999,193.139999
4/29/14,193.589996,195.110001
4/30/14,194.380005,196.470001
5/1/14,196.309998,193.529999
5/2/14,193.75,191.440002
5/5/14,191.050003,191.259995
5/6/14,190.929993,190.029999
5/7/14,189.339996,189.300003
5/8/14,189.160004,188.910004
5/9/14,188.979996,190.080002
5/12/14,191.119995,192.570007
5/13/14,192.789993,192.190002
5/14/14,191.910004,188.720001
5/15/14,189.070007,186.460007
5/16/14,186.270004,187.059998
5/19/14,186.610001,187
5/20/14,186.25,184.889999
5/21/14,185.850006,186.389999
5/22/14,186.449997,185.679993
5/23/14,185.839996,185.940002
5/27/14,184.800003,184.779999
5/28/14,184.479996,183.080002
5/29/14,183.639999,183.759995
5/30/14,183.380005,184.360001
6/2/14,184.759995,185.690002
6/3/14,185.550003,184.369995
6/4/14,184.710007,184.509995
6/5/14,184.660004,185.979996
6/6/14,186.470001,186.369995
6/9/14,186.220001,186.220001
6/10/14,186.199997,184.289993
6/11/14,183.610001,182.25
6/12/14,182.479996,181.220001
6/13/14,182,182.559998
6/16/14,182.399994,182.350006
6/17/14,181.899994,182.259995
6/18/14,182.039993,183.600006
6/19/14,184.119995,182.820007
6/20/14,182.589996,181.550003
6/23/14,181.919998,182.139999
6/24/14,181.5,180.880005
6/25/14,180.25,180.720001
6/26/14,180.869995,180.369995
6/27/14,179.770004,181.710007
6/30/14,181.330002,181.270004
7/1/14,181.699997,186.350006
7/2/14,186.339996,188.389999
7/3/14,188.389999,188.529999
7/7/14,187.610001,188.039993
7/8/14,187.649994,187.220001
7/9/14,187.679993,188.419998
7/10/14,186.440002,187.699997
7/11/14,187.729996,188
7/14/14,188.550003,189.860001
7/15/14,189.539993,188.490005
7/16/14,192.240005,192.360001
7/17/14,192.360001,192.490005
7/18/14,191.960007,192.5
7/21/14,191.300003,190.850006
7/22/14,191.589996,194.089996
7/23/14,194.110001,193.630005
7/24/14,193.949997,195.240005
7/25/14,195.300003,194.399994
7/28/14,194.300003,195.779999
7/29/14,195.300003,194.570007
7/30/14,195.199997,194
7/31/14,192.839996,191.669998
8/1/14,190.5,189.149994
8/4/14,189.350006,189.639999
8/5/14,188.75,187.100006
8/6/14,185.360001,185.970001
8/7/14,186.639999,184.300003
8/8/14,184.399994,186.630005
8/11/14,187.809998,187.470001
8/12/14,187.449997,187.339996
8/13/14,188,187.949997
8/14/14,187.570007,187.880005
8/15/14,187.850006,187.380005
8/18/14,188.100006,189.360001
8/19/14,190.039993,190.070007
8/20/14,189.860001,190.100006
8/21/14,190.899994,191.229996
8/22/14,190.770004,190.410004
8/25/14,191.389999,191.160004
8/26/14,191.020004,192.990005
8/27/14,193.029999,192.25
8/28/14,191.470001,192
8/29/14,192.279999,192.300003
9/2/14,192.679993,191.559998
9/3/14,192.389999,191.949997
9/4/14,191.690002,190.679993
9/5/14,190.529999,191.199997
9/8/14,190.75,190.139999
9/9/14,190.339996,189.990005
9/10/14,190.119995,191.539993
9/11/14,191.080002,191.720001
9/12/14,191.470001,191.279999
9/15/14,191.419998,191.809998
9/16/14,191.25,192.960007
9/17/14,193.220001,192.800003
9/18/14,192.789993,193.75
9/19/14,194.539993,194
9/22/14,193.720001,193.110001
9/23/14,192.75,191.619995
9/24/14,191,192.309998
9/25/14,192.050003,189.009995
9/26/14,188.929993,190.059998
9/29/14,188.509995,189.639999
9/30/14,189.639999,189.830002
10/1/14,189.910004,187.169998
10/2/14,187.660004,186.910004
10/3/14,188.110001,188.669998
10/6/14,189.690002,189.039993
10/7/14,187.770004,185.710007
10/8/14,185.970001,189.360001
10/9/14,189.119995,186.419998
10/10/14,185.860001,185.929993
10/13/14,185.490005,183.520004
10/14/14,184.889999,183.800003
10/15/14,182.460007,181.75
10/16/14,179.800003,179.839996
10/17/14,181.240005,182.050003
10/20/14,166.850006,169.100006
10/21/14,166.399994,163.229996
10/22/14,162.410004,161.789993
10/23/14,162.119995,162.179993
10/24/14,162.080002,162.080002
10/27/14,162,161.869995
10/28/14,162,163.600006
10/29/14,164.330002,163.460007
10/30/14,163.5,164.350006
10/31/14,165.479996,164.399994
11/3/14,164.25,164.360001
11/4/14,164.339996,162.649994
11/5/14,163.130005,161.820007
11/6/14,161.279999,161.460007
11/7/14,161.419998,162.070007
11/10/14,161.899994,163.490005
11/11/14,163.699997,163.300003
11/12/14,162.279999,161.919998
11/13/14,162,162.789993
11/14/14,162.100006,164.160004
11/17/14,164.160004,164.160004
11/18/14,164.729996,161.889999
11/19/14,162.050003,161.429993
11/20/14,160.949997,160.639999
11/21/14,161.830002,160.919998
11/24/14,161.539993,162.149994
11/25/14,162.649994,161.759995
11/26/14,161.929993,161.949997
11/28/14,162.75,162.169998
12/1/14,161.639999,161.539993
12/2/14,162.470001,162.669998
12/3/14,162.470001,164.520004
12/4/14,164.009995,164.050003
12/5/14,163.610001,163.270004
12/8/14,163.289993,161.860001
12/9/14,160.839996,162.990005
12/10/14,163.009995,160.509995
12/11/14,160.820007,161.070007
12/12/14,160.25,155.380005
12/15/14,155.929993,153.059998
12/16/14,152.029999,151.410004
12/17/14,151.520004,151.929993
12/18/14,153.580002,157.679993
12/19/14,157.490005,158.509995
12/22/14,158.330002,161.440002
12/23/14,162.229996,162.240005
12/24/14,162.880005,161.820007
12/26/14,162.270004,162.339996
12/29/14,162,160.509995
12/30/14,160.020004,160.050003
12/31/14,160.410004,160.440002
1/2/15,161.309998,162.059998
1/5/15,161.270004,159.509995
1/6/15,159.669998,156.070007
1/7/15,157.199997,155.050003
1/8/15,156.240005,158.419998
1/9/15,158.419998,159.110001
1/12/15,159,156.440002
1/13/15,157.259995,156.809998
1/14/15,154.860001,155.800003
1/15/15,156.690002,154.570007
1/16/15,153.820007,157.139999
1/20/15,156.699997,156.949997
1/21/15,153.029999,152.089996
1/22/15,151.940002,155.389999
1/23/15,155.029999,155.869995
1/26/15,158.259995,156.360001
1/27/15,154.940002,153.669998
1/28/15,154,151.550003
1/29/15,151.380005,155.479996
1/30/15,153.910004,153.309998
2/2/15,154,154.660004
2/3/15,154.75,158.470001
2/4/15,157.210007,156.960007
2/5/15,157.289993,157.910004
2/6/15,157.339996,156.720001
2/9/15,156,155.75
2/10/15,156.740005,158.559998
2/11/15,157.759995,158.199997
2/12/15,158.720001,158.520004
2/13/15,158.779999,160.399994
2/17/15,159.75,160.960007
2/18/15,161.860001,162.190002
2/19/15,162.050003,163.889999
2/20/15,163.639999,163.649994
2/23/15,164.229996,162.910004
2/24/15,162.490005,164.830002
2/25/15,164.940002,162.809998
2/26/15,163.740005,160.869995
2/27/15,160.869995,161.940002
3/2/15,161.940002,160.479996
3/3/15,160.270004,161.029999
3/4/15,160.539993,159.419998
3/5/15,159.860001,161.179993
3/6/15,160.190002,158.5
3/9/15,158.199997,160.770004
3/10/15,159.600006,157.809998
3/11/15,158.570007,156.800003
3/12/15,156.270004,157.979996
3/13/15,157.460007,154.279999
3/16/15,155.050003,157.080002
3/17/15,156.199997,156.960007
3/18/15,156.850006,159.809998
3/19/15,159.699997,159.809998
3/20/15,160.949997,162.880005
3/23/15,162.770004,164.630005
3/24/15,164.789993,163
3/25/15,163.080002,159.199997
3/26/15,159.270004,160.589996
3/27/15,160.789993,160.399994
3/30/15,161.309998,162.669998
3/31/15,161.080002,160.5
4/1/15,160.229996,159.179993
4/2/15,159.520004,160.449997
4/6/15,159.690002,162.039993
4/7/15,161.669998,162.070007
4/8/15,161.720001,161.850006
4/9/15,161.699997,162.339996
4/10/15,162.339996,162.860001
4/13/15,162.369995,162.380005
4/14/15,162.419998,162.300003
4/15/15,162.630005,164.130005
4/16/15,163.309998,163.130005
4/17/15,161.75,160.669998
4/20/15,162.100006,166.160004
4/21/15,166.070007,164.259995
4/22/15,164.389999,165.360001
4/23/15,165.229996,170.240005
4/24/15,170.229996,169.779999
4/27/15,170.889999,170.729996
4/28/15,170.830002,173.919998
4/29/15,173.399994,174.399994
4/30/15,173.770004,171.289993
5/1/15,173.199997,173.669998
5/4/15,174.470001,173.970001
5/5/15,173.509995,173.080002
5/6/15,172.899994,170.050003
5/7/15,169.630005,170.990005
5/8/15,172.940002,172.679993
5/11/15,172.649994,171.119995
5/12/15,170.550003,170.550003
5/13/15,171.240005,172.279999
5/14/15,173.5,174.050003
5/15/15,173.910004,173.259995
5/18/15,173.440002,173.059998
5/19/15,172.970001,173.479996
5/20/15,173.330002,173.759995
5/21/15,173.320007,173.339996
5/22/15,173.039993,172.220001
5/26/15,172.110001,170.130005
5/27/15,171.160004,172
5/28/15,171.449997,171.710007
5/29/15,171.350006,169.649994
6/1/15,170.210007,170.179993
6/2/15,169.660004,169.649994
6/3/15,170.5,169.919998
6/4/15,169.529999,168.380005
6/5/15,168.25,167.399994
6/8/15,167.169998,165.339996
6/9/15,165.339996,165.679993
6/10/15,166.490005,168.919998
6/11/15,169.259995,168.779999
6/12/15,168.229996,166.990005
6/15/15,166.990005,166.259995
6/16/15,166.330002,166.839996
6/17/15,167,167.169998
6/18/15,167.050003,168.25
6/19/15,167.619995,166.990005
6/22/15,167.649994,167.729996
6/23/15,168.380005,168.619995
6/24/15,168.710007,166.970001
6/25/15,167.800003,166.080002
6/26/15,166.229996,165.460007
6/29/15,163.919998,162.970001
6/30/15,163.990005,162.660004
7/1/15,163.970001,164.490005
7/2/15,165.050003,165.089996
7/6/15,163.830002,164.729996
7/7/15,164.940002,165
7/8/15,164,163.160004
7/9/15,165.339996,163.850006
7/10/15,165.660004,166.949997
7/13/15,167.929993,169.380005
7/14/15,169.429993,168.610001
7/15/15,168.479996,168.529999
7/16/15,169.470001,171
7/17/15,170.330002,172.509995
7/20/15,172.789993,173.220001
7/21/15,164.339996,163.070007
7/22/15,162.729996,160.350006
7/23/15,160.270004,161.729996
7/24/15,161.289993,159.75
7/27/15,159,159.070007
7/28/15,159.910004,160.050003
7/29/15,160,161.089996
7/30/15,160.5,160.960007
7/31/15,161.399994,161.990005
8/3/15,161.699997,158.710007
8/4/15,158.399994,157.600006
8/5/15,159.100006,157.899994
8/6/15,157.130005,156.320007
8/7/15,155.889999,155.119995
8/10/15,156.770004,156.75
8/11/15,155.960007,155.509995
8/12/15,154.259995,156.160004
8/13/15,156.059998,155.070007
8/14/15,155,155.75
8/17/15,155.199997,156.309998
8/18/15,155.509995,156.009995
8/19/15,155.149994,153.940002
8/20/15,152.740005,152.660004
8/21/15,151.5,148.850006
8/24/15,143.470001,143.470001
8/25/15,146.940002,140.960007
8/26/15,144.089996,146.699997
8/27/15,148.5,148.539993
8/28/15,147.75,147.979996
8/31/15,147.380005,147.889999
9/1/15,144.910004,142.679993
9/2/15,144.740005,145.050003
9/3/15,146.050003,146.779999
9/4/15,144.570007,143.699997
9/8/15,145.860001,147.229996
9/9/15,148.740005,145.050003
9/10/15,145.850006,146.199997
9/11/15,145.910004,147.369995
9/14/15,147.369995,145.649994
9/15/15,146.600006,147.529999
9/16/15,147.839996,148.410004
9/17/15,148.100006,148.139999
9/18/15,146.050003,144.509995
9/21/15,145.389999,146.479996
9/22/15,144.619995,144.429993
9/23/15,144.210007,143.660004
9/24/15,142.600006,144.410004
9/25/15,145.550003,145.419998
9/28/15,144.419998,142.520004
9/29/15,141.990005,142.470001
9/30/15,143.690002,144.970001
10/1/15,145.309998,143.589996
10/2/15,141.050003,144.580002
10/5/15,145.820007,149.039993
10/6/15,149.059998,148.779999
10/7/15,150.039993,150.089996
10/8/15,149.690002,152.279999
10/9/15,152.460007,152.389999
10/12/15,152.399994,151.139999
10/13/15,150.779999,149.619995
10/14/15,149.600006,150.009995
10/15/15,150.910004,150.089996
10/16/15,150.449997,150.389999
10/19/15,149.850006,149.220001
10/20/15,142.490005,140.639999
10/21/15,140.25,140.919998
10/22/15,141.740005,144.089996
10/23/15,144.610001,144.679993
10/26/15,144.75,143.660004
10/27/15,143.509995,137.860001
10/28/15,137.919998,140.830002
10/29/15,140.360001,140.550003
10/30/15,140.440002,140.080002
11/2/15,140.5,140.369995
11/3/15,140.020004,141.880005
11/4/15,142.550003,141.630005
11/5/15,141.610001,139.889999
11/6/15,138.600006,138.25
11/9/15,137.919998,135.309998
11/10/15,135.360001,135.470001
11/11/15,136.089996,135.020004
11/12/15,134.699997,133.039993
11/13/15,132.949997,131.75
11/16/15,131.789993,133.710007
11/17/15,134.220001,133.820007
11/18/15,134.789993,135.820007
11/19/15,136.210007,136.740005
11/20/15,137.369995,138.5
11/23/15,138.529999,138.460007
11/24/15,137.649994,138.600006
11/25/15,138.369995,138
11/27/15,138,138.460007
11/30/15,138.610001,139.419998
12/1/15,139.580002,141.279999
12/2/15,140.929993,139.699997
12/3/15,140.100006,138.919998
12/4/15,138.089996,140.429993
12/7/15,140.160004,139.550003
12/8/15,138.279999,138.050003
12/9/15,137.380005,136.610001
12/10/15,137.029999,136.779999
12/11/15,135.229996,134.570007
12/14/15,135.309998,135.929993
12/15/15,137.399994,137.789993
12/16/15,139.119995,139.289993
12/17/15,139.350006,136.75
12/18/15,136.410004,134.899994
12/21/15,135.830002,135.5
12/22/15,135.880005,137.929993
12/23/15,138.300003,138.539993
12/24/15,138.429993,138.25
12/28/15,137.740005,137.610001
12/29/15,138.25,139.779999
12/30/15,139.580002,139.339996
12/31/15,139.070007,137.619995
1/4/16,135.600006,135.949997
1/5/16,136.759995,135.850006
1/6/16,134.380005,135.169998
1/7/16,133.699997,132.860001
1/8/16,133.179993,131.630005
1/11/16,131.809998,133.229996
1/12/16,133.649994,132.899994
1/13/16,133.5,131.169998
1/14/16,131.929993,132.910004
1/15/16,130.009995,130.029999
1/19/16,130.110001,128.110001
1/20/16,118.459999,121.860001
1/21/16,121.300003,122.910004
1/22/16,124.669998,122.5
1/25/16,122.099998,122.080002
1/26/16,122.25,122.589996
1/27/16,122.730003,120.959999
1/28/16,121.260002,122.220001
1/29/16,123.279999,124.790001
2/1/16,124.400002,124.830002
2/2/16,123.669998,122.940002
2/3/16,123.989998,124.720001
2/4/16,125.080002,127.650002
2/5/16,127.220001,128.570007
2/8/16,126,126.980003
2/9/16,126.120003,124.07
2/10/16,125,120.190002
2/11/16,118.779999,117.849998
2/12/16,119.260002,121.040001
2/16/16,121.830002,122.739998
2/17/16,123.709999,126.099998
2/18/16,130,132.449997
2/19/16,132.360001,133.080002
2/22/16,133.080002,133.770004
2/23/16,133.139999,132.399994
2/24/16,131.550003,132.800003
2/25/16,133.289993,134.5
2/26/16,134.509995,132.029999
2/29/16,132,131.029999
3/1/16,132.240005,134.369995
3/2/16,133.699997,136.300003
3/3/16,137.220001,137.800003
3/4/16,137.539993,137.800003
3/7/16,137.279999,140.149994
3/8/16,139.710007,139.070007
3/9/16,139.309998,140.410004
3/10/16,141.240005,140.190002
3/11/16,141.729996,142.360001
3/14/16,142.009995,142.779999
3/15/16,141.740005,142.960007
3/16/16,142.619995,144.789993
3/17/16,144.779999,147.039993
3/18/16,147.399994,147.089996
3/21/16,147.300003,148.630005
3/22/16,148.059998,148.100006
3/23/16,148,145.399994
3/24/16,144.979996,147.949997
3/28/16,147.75,148.399994
3/29/16,147.589996,149.330002
3/30/16,149.949997,148.410004
3/31/16,149.789993,151.449997
4/1/16,150.509995,152.520004
4/4/16,152.339996,152.070007
4/5/16,151.429993,150
4/6/16,149.899994,150.020004
4/7/16,149.070007,148.25
4/8/16,149.059998,149.350006
4/11/16,150.259995,149.25
4/12/16,149.610001,149.630005
4/13/16,150.75,151.229996
4/14/16,151.5,151.160004
4/15/16,151.039993,151.720001
4/18/16,151.720001,152.529999
4/19/16,146.470001,144
4/20/16,144.240005,146.110001
4/21/16,146.580002,149.300003
4/22/16,149.440002,148.5
4/25/16,148.160004,148.809998
4/26/16,148.649994,149.080002
4/27/16,149.350006,150.470001
4/28/16,149.75,147.070007
4/29/16,146.490005,145.940002
5/2/16,146.559998,145.270004
5/3/16,144.649994,144.130005
5/4/16,143.360001,144.25
5/5/16,145.949997,146.470001
5/6/16,144.860001,147.289993
5/9/16,147.699997,147.339996
5/10/16,148.240005,149.970001
5/11/16,149.710007,148.949997
5/12/16,149.210007,148.839996
5/13/16,148.789993,147.720001
5/16/16,147.649994,149.460007
5/17/16,149.210007,148
5/18/16,147.990005,147.339996
5/19/16,146.479996,144.929993
5/20/16,145.710007,147.25
5/23/16,147.610001,146.770004
5/24/16,146.880005,148.309998
5/25/16,148.929993,151.690002
5/26/16,151.550003,152.440002
5/27/16,152.350006,152.839996
5/31/16,152.559998,153.740005
6/1/16,153,152.509995
6/2/16,152.589996,153.5
6/3/16,152.399994,152.889999
6/6/16,153.089996,152.729996
6/7/16,153.309998,153.330002
6/8/16,153.529999,154
6/9/16,152.919998,153.419998
6/10/16,152.789993,152.369995
6/13/16,151.630005,151.279999
6/14/16,151.279999,151.059998
6/15/16,151.460007,150.679993
6/16/16,150.190002,151.059998
6/17/16,150.960007,151.990005
6/20/16,152.600006,153.610001
6/21/16,154.160004,154.050003
6/22/16,153.75,152.919998
6/23/16,153.449997,155.350006
6/24/16,149.970001,146.589996
6/27/16,146.179993,143.5
6/28/16,144.779999,145.699997
6/29/16,146.5,148.460007
6/30/16,148.860001,151.779999
7/1/16,151.779999,152.350006
7/5/16,151.190002,151.679993
7/6/16,151.850006,152.369995
7/7/16,152.75,152.600006
7/8/16,154,154.460007
7/11/16,154.600006,155.330002
7/12/16,156,157.039993
7/13/16,157.75,158.020004
7/14/16,158.809998,160.279999
7/15/16,159.899994,159.779999
7/18/16,159.300003,159.860001
7/19/16,161.779999,159.580002
7/20/16,159.970001,161.360001
7/21/16,160.75,160.449997
7/22/16,160.779999,162.070007
7/25/16,162,162.649994
7/26/16,162.649994,162.119995
7/27/16,162.119995,161.830002
7/28/16,161.380005,161.369995
7/29/16,161.360001,160.619995
8/1/16,160.649994,161.449997
8/2/16,161.270004,160.580002
8/3/16,160.130005,160.669998
8/4/16,160.860001,161.550003
8/5/16,162,163.5
8/8/16,162.729996,162.039993
8/9/16,162.220001,161.770004
8/10/16,162.190002,162.080002
8/11/16,162.25,163.529999
8/12/16,163.190002,161.949997
8/15/16,162.399994,161.880005
8/16/16,161.110001,160.699997
8/17/16,160.970001,160.440002
8/18/16,160.889999,161.360001
8/19/16,160.839996,160.039993
8/22/16,160,160
8/23/16,160.330002,160.259995
8/24/16,159.889999,159.050003
8/25/16,159,158.630005
8/26/16,158.880005,158.320007
8/29/16,158.830002,159.720001
8/30/16,159.759995,159.399994
8/31/16,159.660004,158.880005
9/1/16,158.320007,159.539993
9/2/16,159.880005,159.550003
9/6/16,159.880005,160.350006
9/7/16,160.190002,161.639999
9/8/16,160.550003,159
9/9/16,158.029999,155.690002
9/12/16,155.259995,158.289993
9/13/16,157.630005,155.809998
9/14/16,155.699997,154.050003
9/15/16,154.300003,155.660004
9/16/16,155.039993,153.839996
9/19/16,154.869995,154.869995
9/20/16,155.869995,154.449997
9/21/16,154.910004,155.529999
9/22/16,156.149994,156.110001
9/23/16,155.619995,154.979996
9/26/16,154.460007,153.979996
9/27/16,154.320007,156.770004
9/28/16,156.990005,158.289993
9/29/16,158.630005,158.110001
9/30/16,158.899994,158.850006
10/3/16,158.059998,157.610001
10/4/16,157.669998,156.460007
10/5/16,157.070007,157.080002
10/6/16,156.839996,156.880005
10/7/16,157.139999,155.669998
10/10/16,156.710007,157.020004
10/11/16,156.729996,154.789993
10/12/16,154.970001,154.289993
10/13/16,153.699997,153.720001
10/14/16,154.470001,154.449997
10/17/16,154.449997,154.770004
10/18/16,150.020004,150.720001
10/19/16,151.270004,151.259995
10/20/16,151.279999,151.520004
10/21/16,150.580002,149.630005
10/24/16,150.399994,150.570007
10/25/16,150.570007,150.880005
10/26/16,150.710007,151.809998
10/27/16,152.820007,153.350006
10/28/16,154.050003,152.610001
10/31/16,152.759995,153.690002
11/1/16,153.5,152.789993
11/2/16,152.479996,151.949997
11/3/16,152.509995,152.369995
11/4/16,152.399994,152.429993
11/7/16,153.990005,155.720001
11/8/16,154.559998,155.169998
11/9/16,152.960007,154.809998
11/10/16,157.660004,160.220001
11/11/16,159.970001,161.270004
11/14/16,161.25,158.210007
11/15/16,158.419998,158.669998
11/16/16,158.460007,159.289993
11/17/16,159.220001,159.800003
11/18/16,159.800003,160.389999
11/21/16,160.690002,162.770004
11/22/16,163,162.669998
11/23/16,161.940002,161.979996
11/25/16,161.830002,163.139999
11/28/16,163.199997,164.520004
11/29/16,164,163.529999
11/30/16,163.350006,162.220001
12/1/16,161.949997,159.820007
12/2/16,159,160.020004
12/5/16,160.850006,159.839996
12/6/16,160.130005,160.350006
12/7/16,160.600006,164.789993
12/8/16,164.869995,165.360001
12/9/16,165.179993,166.520004
12/12/16,166.720001,165.5
12/13/16,165.679993,168.289993
12/14/16,168.369995,168.509995
12/15/16,168.009995,168.020004
12/16/16,168.970001,166.729996
12/19/16,166.830002,166.679993
12/20/16,167.490005,167.600006
12/21/16,166.25,167.330002
12/22/16,167.360001,167.059998
12/23/16,167,166.710007
12/27/16,166.979996,167.139999
12/28/16,167.289993,166.190002
12/29/16,166.020004,166.600006
12/30/16,166.440002,165.990005
1/3/17,167,167.190002
1/4/17,167.770004,169.259995
1/5/17,169.25,168.699997
1/6/17,168.690002,169.529999
1/9/17,169.470001,167.649994
1/10/17,167.979996,165.520004
1/11/17,166.050003,167.75
1/12/17,167.770004,167.949997
1/13/17,167.970001,167.339996
1/17/17,166.690002,167.889999
1/18/17,167.449997,166.800003
1/19/17,166.960007,166.809998
1/20/17,167.809998,170.550003
1/23/17,170.080002,171.029999
1/24/17,171.360001,175.899994
1/25/17,176.259995,178.289993
1/26/17,178.059998,178.660004
1/27/17,178.470001,177.300003
1/30/17,176.979996,175.800003
1/31/17,175.050003,174.520004
2/1/17,175,174.289993
2/2/17,174.229996,174.580002
2/3/17,175,175.820007
2/6/17,175.309998,175.860001
2/7/17,176,178.460007
2/8/17,177.5,176.169998
2/9/17,176.169998,177.210007
2/10/17,177.369995,178.679993
2/13/17,179.240005,179.360001
2/14/17,178.570007,180.130005
2/15/17,180.199997,181.679993
2/16/17,181.449997,181.429993
2/17/17,181.25,180.669998
2/21/17,180.600006,180.259995
2/22/17,180.089996,181.149994
2/23/17,182,181.649994
2/24/17,180.210007,181.350006
2/27/17,181.190002,179.399994
2/28/17,179.380005,179.820007
3/1/17,180.479996,181.949997
3/2/17,181.880005,180.529999
3/3/17,180.529999,180.050003
3/6/17,179.720001,180.470001
3/7/17,180.710007,180.380005
3/8/17,180.75,179.449997
3/9/17,179.149994,177.179993
3/10/17,178.210007,177.830002
3/13/17,177.850006,176.460007
3/14/17,176.179993,175.720001
3/15/17,175.710007,175.809998
3/16/17,178.460007,177.240005
3/17/17,176.289993,175.649994
3/20/17,175.649994,175.699997
3/21/17,176.009995,173.880005
3/22/17,174.039993,174.779999
3/23/17,174.429993,174.820007
3/24/17,175.119995,173.830002
3/27/17,172.690002,173.770004
3/28/17,173.940002,174.509995
3/29/17,174.300003,173.940002
3/30/17,173.860001,173.860001
3/31/17,173.979996,174.139999
4/3/17,173.820007,174.5
4/4/17,173.520004,174.520004
4/5/17,174.699997,172.880005
4/6/17,173.470001,172.449997
4/7/17,172.080002,172.139999
4/10/17,172.529999,171.199997
4/11/17,170.649994,170.580002