2/19/13,27.879999,28.049999
2/20/13,28.129999,27.870001
2/21/13,27.74,27.49
2/22/13,27.68,27.76
2/25/13,27.969999,27.370001
2/26/13,27.379999,27.370001
2/27/13,27.42,27.809999
2/28/13,27.879999,27.799999
3/1/13,27.719999,27.950001
3/4/13,27.85,28.15
3/5/13,28.290001,28.35
3/6/13,28.209999,28.09
3/7/13,28.110001,28.139999
3/8/13,28.25,28
3/11/13,27.940001,27.870001
3/12/13,27.84,27.91
3/13/13,27.870001,27.92
3/14/13,28,28.139999
3/15/13,28.030001,28.040001
3/18/13,27.879999,28.1
3/19/13,28.120001,28.18
3/20/13,28.34,28.32
3/21/13,28.110001,28.110001
3/22/13,28.190001,28.25
3/25/13,28.299999,28.16
3/26/13,28.24,28.16
3/27/13,28.139999,28.370001
3/28/13,28.32,28.610001
4/1/13,28.639999,28.610001
4/2/13,28.59,28.799999
4/3/13,28.75,28.559999
4/4/13,28.389999,28.6
4/5/13,28.219999,28.700001
4/8/13,28.73,28.59
4/9/13,28.73,29.610001
4/10/13,29.57,30.280001
4/11/13,29.1,28.940001
4/12/13,28.85,28.790001
4/15/13,28.65,28.690001
4/16/13,28.9,28.969999
4/17/13,28.85,28.83
4/18/13,28.950001,28.790001
4/19/13,29.620001,29.77
4/22/13,30.299999,30.83
4/23/13,30.700001,30.6
4/24/13,30.620001,31.76
4/25/13,31.709999,31.940001
4/26/13,31.9,31.790001
4/29/13,31.799999,32.610001
4/30/13,32.560001,33.099998
5/1/13,32.93,32.720001
5/2/13,32.630001,33.16
5/3/13,33.23,33.490002
5/6/13,33.419998,33.75
5/7/13,33.650002,33.310001
5/8/13,33.07,32.990002
5/9/13,32.849998,32.66
5/10/13,32.669998,32.689999
5/13/13,32.610001,33.029999
5/14/13,32.860001,33.529999
5/15/13,33.450001,33.849998
5/16/13,33.639999,34.080002
5/17/13,34.130001,34.869999
5/20/13,34.73,35.080002
5/21/13,35.099998,34.849998
5/22/13,34.790001,34.610001
5/23/13,34.23,34.150002
5/24/13,33.919998,34.27
5/28/13,34.419998,35.02
5/29/13,34.740002,34.880001
5/30/13,34.849998,35.029999
5/31/13,34.82,34.900002
6/3/13,34.919998,35.59
6/4/13,35.619999,34.990002
6/5/13,34.599998,34.779999
6/6/13,34.84,34.959999
6/7/13,35.25,35.669998
6/10/13,35.509998,35.470001
6/11/13,35.049999,34.84
6/12/13,35.139999,35
6/13/13,34.990002,34.720001
6/14/13,34.549999,34.400002
6/17/13,34.689999,35
6/18/13,34.970001,34.98
6/19/13,34.959999,34.59
6/20/13,34.259998,33.490002
6/21/13,33.66,33.27
6/24/13,32.939999,33.720001
6/25/13,34.080002,33.669998
6/26/13,34.119999,34.349998
6/27/13,34.52,34.619999
6/28/13,34.380001,34.540001
7/1/13,34.75,34.360001
7/2/13,34.41,33.939999
7/3/13,33.66,34.009998
7/5/13,34.09,34.209999
7/8/13,34.349998,34.330002
7/9/13,34.580002,34.349998
7/10/13,34.34,34.700001
7/11/13,35,35.689999
7/12/13,35.580002,35.669998
7/15/13,35.66,36.169998
7/16/13,36.009998,36.27
7/17/13,36.34,35.740002
7/18/13,35.720001,35.439999
7/19/13,32.400002,31.4
7/22/13,31.700001,32.009998
7/23/13,31.91,31.82
7/24/13,32.040001,31.959999
7/25/13,31.620001,31.389999
7/26/13,31.26,31.620001
7/29/13,31.469999,31.540001
7/30/13,31.780001,31.85
7/31/13,31.969999,31.84
8/1/13,32.060001,31.67
8/2/13,31.690001,31.889999
8/5/13,31.9,31.700001
8/6/13,31.549999,31.58
8/7/13,31.540001,32.060001
8/8/13,32.240002,32.889999
8/9/13,32.77,32.700001
8/12/13,32.459999,32.869999
8/13/13,32.509998,32.23
8/14/13,32.139999,32.349998
8/15/13,32,31.790001
8/16/13,31.790001,31.799999
8/19/13,31.76,31.389999
8/20/13,31.440001,31.620001
8/21/13,31.610001,31.610001
8/22/13,32.189999,32.389999
8/23/13,35.169998,34.75
8/26/13,34.400002,34.150002
8/27/13,33.52,33.259998
8/28/13,33.389999,33.02
8/29/13,32.93,33.549999
8/30/13,33.369999,33.400002
9/3/13,31.75,31.879999
9/4/13,31.389999,31.200001
9/5/13,31.1,31.23
9/6/13,31.309999,31.15
9/9/13,31.219999,31.66
9/10/13,31.9,32.389999
9/11/13,32.57,32.740002
9/12/13,32.720001,32.689999
9/13/13,32.77,33.029999
9/16/13,33.380001,32.799999
9/17/13,33.419998,32.93
9/18/13,32.990002,33.32
9/19/13,33.48,33.639999
9/20/13,33.41,32.790001
9/23/13,32.540001,32.740002
9/24/13,32.869999,32.450001
9/25/13,32.490002,32.509998
9/26/13,32.639999,32.77
9/27/13,32.880001,33.27
9/30/13,33,33.279999
10/1/13,33.349998,33.580002
10/2/13,33.360001,33.919998
10/3/13,33.880001,33.860001
10/4/13,33.689999,33.880001
10/7/13,33.599998,33.299999
10/8/13,33.310001,33.009998
10/9/13,33.07,33.07
10/10/13,33.310001,33.759998
10/11/13,33.68,34.130001
10/14/13,33.900002,34.450001
10/15/13,34.669998,34.490002
10/16/13,34.599998,34.639999
10/17/13,34.450001,34.919998
10/18/13,34.82,34.959999
10/21/13,34.98,34.990002
10/22/13,35.02,34.580002
10/23/13,34.349998,33.759998
10/24/13,33.82,33.720001
10/25/13,35.880001,35.73
10/28/13,35.610001,35.57
10/29/13,35.630001,35.52
10/30/13,35.529999,35.540001
10/31/13,35.66,35.41
11/1/13,35.669998,35.529999
11/4/13,35.59,35.939999
11/5/13,35.790001,36.639999
11/6/13,37.240002,38.18
11/7/13,37.959999,37.5
11/8/13,37.669998,37.779999
11/11/13,37.689999,37.59
11/12/13,37.380001,37.360001
11/13/13,36.98,38.16
11/14/13,37.869999,38.02
11/15/13,37.950001,37.84
11/18/13,37.349998,37.200001
11/19/13,36.849998,36.740002
11/20/13,36.919998,37.080002
11/21/13,37.27,37.400002
11/22/13,37.529999,37.57
11/25/13,37.93,37.639999
11/26/13,37.57,37.349998
11/27/13,37.57,37.599998
11/29/13,37.82,38.130001
12/2/13,38.09,38.450001
12/3/13,38.139999,38.310001
12/4/13,38.209999,38.939999
12/5/13,38.849998,38
12/6/13,38.419998,38.360001
12/9/13,38.560001,38.709999
12/10/13,38.610001,38.110001
12/11/13,38.060001,37.610001
12/12/13,37.639999,37.220001
12/13/13,37.419998,36.689999
12/16/13,36.73,36.889999
12/17/13,36.939999,36.52
12/18/13,36.360001,36.580002
12/19/13,36.509998,36.25
12/20/13,36.200001,36.799999
12/23/13,36.810001,36.619999
12/24/13,36.720001,37.080002
12/26/13,37.200001,37.439999
12/27/13,37.580002,37.290001
12/30/13,37.220001,37.290001
12/31/13,37.400002,37.41
1/2/14,37.349998,37.16
1/3/14,37.200001,36.91
1/6/14,36.849998,36.130001
1/7/14,36.330002,36.41
1/8/14,36,35.759998
1/9/14,35.880001,35.529999
1/10/14,35.900002,36.040001
1/13/14,35.990002,34.98
1/14/14,34.73,35.779999
1/15/14,35.900002,36.759998
1/16/14,36.689999,36.889999
1/17/14,36.830002,36.380001
1/21/14,36.82,36.169998
1/22/14,36.259998,35.93
1/23/14,36.09,36.060001
1/24/14,37.450001,36.810001
1/27/14,36.869999,36.029999
1/28/14,36.119999,36.27
1/29/14,35.98,36.66
1/30/14,36.790001,36.860001
1/31/14,36.950001,37.84
2/3/14,37.740002,36.48
2/4/14,36.970001,36.349998
2/5/14,36.290001,35.82
2/6/14,35.799999,36.18
2/7/14,36.32,36.560001
2/10/14,36.630001,36.799999
2/11/14,36.880001,37.169998
2/12/14,37.349998,37.470001
2/13/14,37.330002,37.610001
2/14/14,37.389999,37.619999
2/18/14,37.630001,37.419998
2/19/14,37.220001,37.509998
2/20/14,37.57,37.75
2/21/14,37.939999,37.98
2/24/14,37.689999,37.689999
2/25/14,37.610001,37.540001
2/26/14,37.580002,37.470001
2/27/14,37.450001,37.860001
2/28/14,37.98,38.310001
3/3/14,37.919998,37.779999
3/4/14,38.200001,38.41
3/5/14,38.25,38.110001
3/6/14,38.139999,38.150002
3/7/14,38.279999,37.900002
3/10/14,37.990002,37.82
3/11/14,37.869999,38.02
3/12/14,37.799999,38.27
3/13/14,38.419998,37.889999
3/14/14,37.650002,37.700001
3/17/14,37.900002,38.049999
3/18/14,38.259998,39.549999
3/19/14,39.470001,39.27
3/20/14,39.25,40.330002
3/21/14,40.720001,40.16
3/24/14,40.34,40.5
3/25/14,40.66,40.34
3/26/14,40.48,39.790001
3/27/14,39.740002,39.360001
3/28/14,39.790001,40.299999
3/31/14,40.43,40.990002
4/1/14,41.150002,41.419998
4/2/14,41.439999,41.349998
4/3/14,41.290001,41.009998
4/4/14,41.25,39.869999
4/7/14,39.959999,39.799999
4/8/14,39.75,39.82
4/9/14,39.93,40.470001
4/10/14,40.439999,39.360001
4/11/14,39,39.209999
4/14/14,39.110001,39.18
4/15/14,39.34,39.75
4/16/14,40.060001,40.400002
4/17/14,40.009998,40.009998
4/21/14,40.130001,39.939999
4/22/14,39.959999,39.990002
4/23/14,39.990002,39.689999
4/24/14,39.740002,39.860001
4/25/14,40.290001,39.91
4/28/14,40.139999,40.869999
4/29/14,41.099998,40.509998
4/30/14,40.400002,40.400002
5/1/14,40.240002,40
5/2/14,40.310001,39.689999
5/5/14,39.52,39.43
5/6/14,39.290001,39.060001
5/7/14,39.220001,39.419998
5/8/14,39.34,39.639999
5/9/14,39.540001,39.540001
5/12/14,39.740002,39.970001
5/13/14,39.919998,40.419998
5/14/14,40.299999,40.240002
5/15/14,40.09,39.599998
5/16/14,39.669998,39.830002
5/19/14,39.610001,39.75
5/20/14,39.68,39.68
5/21/14,39.799999,40.349998
5/22/14,40.290001,40.099998
5/23/14,40.369999,40.119999
5/27/14,40.259998,40.189999
5/28/14,40.139999,40.009998
5/29/14,40.150002,40.34
5/30/14,40.450001,40.939999
6/2/14,40.950001,40.790001
6/3/14,40.599998,40.290001
6/4/14,40.209999,40.32
6/5/14,40.59,41.209999
6/6/14,41.48,41.48
6/9/14,41.389999,41.27
6/10/14,41.029999,41.110001
6/11/14,40.93,40.860001
6/12/14,40.810001,40.580002
6/13/14,41.099998,41.23
6/16/14,41.040001,41.5
6/17/14,41.290001,41.68
6/18/14,41.610001,41.650002
6/19/14,41.57,41.509998
6/20/14,41.450001,41.68
6/23/14,41.73,41.990002
6/24/14,41.830002,41.75
6/25/14,41.700001,42.029999
6/26/14,41.93,41.720001
6/27/14,41.610001,42.25
6/30/14,42.169998,41.700001
7/1/14,41.860001,41.869999
7/2/14,41.73,41.900002
7/3/14,41.91,41.799999
7/7/14,41.75,41.990002
7/8/14,41.869999,41.779999
7/9/14,41.98,41.669998
7/10/14,41.369999,41.689999
7/11/14,41.700001,42.09
7/14/14,42.220001,42.139999
7/15/14,42.330002,42.450001
7/16/14,42.509998,44.080002
7/17/14,45.450001,44.529999
7/18/14,44.650002,44.689999
7/21/14,44.560001,44.84
7/22/14,45,44.830002
7/23/14,45.450001,44.869999
7/24/14,44.93,44.400002
7/25/14,44.299999,44.5
7/28/14,44.360001,43.970001
7/29/14,43.91,43.889999
7/30/14,44.07,43.580002
7/31/14,43.380001,43.16
8/1/14,43.209999,42.860001
8/4/14,42.970001,43.369999
8/5/14,43.310001,43.080002
8/6/14,42.740002,42.740002
8/7/14,42.84,43.23
8/8/14,43.23,43.200001
8/11/14,43.259998,43.200001
8/12/14,43.040001,43.52
8/13/14,43.68,44.080002
8/14/14,44.080002,44.27
8/15/14,44.580002,44.790001
8/18/14,44.939999,45.110001
8/19/14,44.970001,45.330002
8/20/14,45.34,44.950001
8/21/14,44.84,45.220001
8/22/14,45.349998,45.150002
8/25/14,45.400002,45.169998
8/26/14,45.310001,45.009998
8/27/14,44.900002,44.869999
8/28/14,44.75,44.880001
8/29/14,45.09,45.43
9/2/14,45.43,45.09
9/3/14,44.529999,44.959999
9/4/14,44.740002,45.259998
9/5/14,45.110001,45.91
9/8/14,46.02,46.470001
9/9/14,46.470001,46.759998
9/10/14,46.82,46.84
9/11/14,46.740002,47
9/12/14,46.91,46.700001
9/15/14,46.540001,46.240002
9/16/14,46.389999,46.759998
9/17/14,46.259998,46.52
9/18/14,46.59,46.68
9/19/14,46.810001,47.52
9/22/14,47.299999,47.060001
9/23/14,46.849998,46.560001
9/24/14,46.630001,47.080002
9/25/14,46.880001,46.040001
9/26/14,45.93,46.41
9/29/14,45.98,46.439999
9/30/14,46.369999,46.360001
10/1/14,46.27,45.900002
10/2/14,45.830002,45.759998
10/3/14,45.98,46.09
10/6/14,46.119999,46.09
10/7/14,45.860001,45.529999
10/8/14,45.48,46.779999
10/9/14,46.5,45.849998
10/10/14,45.599998,44.029999
10/13/14,43.82,43.650002
10/14/14,43.869999,43.73
10/15/14,43,43.220001
10/16/14,42.529999,42.740002
10/17/14,43.200001,43.630001
10/20/14,43.060001,44.080002
10/21/14,44.360001,44.880001
10/22/14,45,44.380001
10/23/14,44.619999,45.02
10/24/14,46.830002,46.130001
10/27/14,45.709999,45.91
10/28/14,45.860001,46.490002
10/29/14,46.439999,46.619999
10/30/14,46.32,46.049999
10/31/14,46.939999,46.950001
11/3/14,46.889999,47.439999
11/4/14,47.299999,47.57
11/5/14,47.799999,47.860001
11/6/14,47.860001,48.700001
11/7/14,48.919998,48.68
11/10/14,48.650002,48.889999
11/11/14,48.849998,48.869999
11/12/14,48.560001,48.779999
11/13/14,48.810001,49.610001
11/14/14,49.740002,49.580002
11/17/14,49.41,49.459999
11/18/14,49.130001,48.740002
11/19/14,48.66,48.220001
11/20/14,48,48.700001
11/21/14,49.02,47.98
11/24/14,47.990002,47.59
11/25/14,47.66,47.470001
11/26/14,47.490002,47.75
11/28/14,47.950001,47.810001
12/1/14,47.880001,48.619999
12/2/14,48.84,48.459999
12/3/14,48.439999,48.080002
12/4/14,48.389999,48.84
12/5/14,48.82,48.419998
12/8/14,48.259998,47.700001
12/9/14,47.110001,47.59
12/10/14,47.580002,46.900002
12/11/14,47.080002,47.169998
12/12/14,46.779999,46.950001
12/15/14,47.200001,46.669998
12/16/14,45.900002,45.16
12/17/14,45.049999,45.740002
12/18/14,46.580002,47.52
12/19/14,47.630001,47.66
12/22/14,47.779999,47.98
12/23/14,48.369999,48.450001
12/24/14,48.639999,48.139999
12/26/14,48.41,47.880001
12/29/14,47.700001,47.450001
12/30/14,47.439999,47.02
12/31/14,46.73,46.450001
1/2/15,46.66,46.759998
1/5/15,46.369999,46.330002
1/6/15,46.380001,45.650002
1/7/15,45.98,46.23
1/8/15,46.75,47.59
1/9/15,47.610001,47.189999
1/12/15,47.419998,46.599998
1/13/15,46.970001,46.360001
1/14/15,45.959999,45.959999
1/15/15,46.220001,45.48
1/16/15,45.310001,46.240002
1/20/15,46.299999,46.389999
1/21/15,45.939999,45.919998
1/22/15,46.380001,47.130001
1/23/15,47.360001,47.18
1/26/15,47,47.009998
1/27/15,42.950001,42.66
1/28/15,42.740002,41.189999
1/29/15,40.93,42.009998
1/30/15,41.549999,40.400002
2/2/15,40.59,41.279999
2/3/15,41.630001,41.599998
2/4/15,41.939999,41.84
2/5/15,42.220001,42.450001
2/6/15,42.68,42.41
2/9/15,42.240002,42.360001
2/10/15,42.740002,42.599998
2/11/15,42.650002,42.380001
2/12/15,42.66,43.09
2/13/15,43.380001,43.869999
2/17/15,43.970001,43.580002
2/18/15,43.630001,43.529999
2/19/15,43.18,43.5
2/20/15,43.509998,43.860001
2/23/15,43.700001,44.150002
2/24/15,44.150002,44.09
2/25/15,43.950001,43.990002
2/26/15,43.990002,44.060001
2/27/15,44.130001,43.849998
3/2/15,43.669998,43.880001
3/3/15,43.560001,43.279999
3/4/15,43.009998,43.060001
3/5/15,43.07,43.110001
3/6/15,43,42.360001
3/9/15,42.189999,42.849998
3/10/15,42.349998,42.029999
3/11/15,42.310001,41.98
3/12/15,41.330002,41.02
3/13/15,40.700001,41.380001
3/16/15,41.470001,41.560001
3/17/15,41.369999,41.700001
3/18/15,41.43,42.5
3/19/15,42.259998,42.290001
3/20/15,42.560001,42.880001
3/23/15,42.880001,42.860001
3/24/15,42.779999,42.900002
3/25/15,42.919998,41.459999
3/26/15,41.220001,41.209999
3/27/15,41.119999,40.970001
3/30/15,41.099998,40.959999
3/31/15,40.779999,40.66
4/1/15,40.599998,40.720001
4/2/15,40.66,40.290001
4/6/15,40.34,41.549999
4/7/15,41.610001,41.529999
4/8/15,41.459999,41.419998
4/9/15,41.25,41.48
4/10/15,41.630001,41.720001
4/13/15,41.400002,41.759998
4/14/15,41.799999,41.650002
4/15/15,41.759998,42.259998
4/16/15,41.950001,42.16
4/17/15,41.669998,41.619999
4/20/15,41.73,42.91
4/21/15,43,42.639999
4/22/15,42.669998,42.990002
4/23/15,42.889999,43.34
4/24/15,45.66,47.869999
4/27/15,47.23,48.029999
4/28/15,47.779999,49.16
4/29/15,48.720001,49.060001
4/30/15,48.700001,48.639999
5/1/15,48.580002,48.66
5/4/15,48.369999,48.240002
5/5/15,47.82,47.599998
5/6/15,47.57,46.279999
5/7/15,46.27,46.700001
5/8/15,47.549999,47.75
5/11/15,47.549999,47.369999
5/12/15,46.849998,47.349998
5/13/15,48.189999,47.630001
5/14/15,48.029999,48.720001
5/15/15,48.869999,48.299999
5/18/15,47.98,48.009998
5/19/15,47.560001,47.580002
5/20/15,47.389999,47.580002
5/21/15,47.279999,47.419998
5/22/15,47.299999,46.900002
5/26/15,46.830002,46.59
5/27/15,46.82,47.610001
5/28/15,47.5,47.450001
5/29/15,47.43,46.860001
6/1/15,47.060001,47.23
6/2/15,46.93,46.919998
6/3/15,47.369999,46.849998
6/4/15,46.790001,46.360001
6/5/15,46.310001,46.139999
6/8/15,46.299999,45.73
6/9/15,45.759998,45.650002
6/10/15,45.790001,46.610001
6/11/15,46.66,46.439999
6/12/15,46.220001,45.970001
6/15/15,45.450001,45.48
6/16/15,45.349998,45.830002
6/17/15,45.73,45.970001
6/18/15,46.220001,46.720001
6/19/15,46.790001,46.099998
6/22/15,46.330002,46.23
6/23/15,46.130001,45.91
6/24/15,45.669998,45.639999
6/25/15,46.029999,45.650002
6/26/15,45.650002,45.259998
6/29/15,45.040001,44.369999
6/30/15,44.709999,44.150002
7/1/15,44.459999,44.450001
7/2/15,44.48,44.400002
7/6/15,43.959999,44.389999
7/7/15,44.34,44.299999
7/8/15,44.439999,44.240002
7/9/15,44.75,44.52
7/10/15,45.009998,44.610001
7/13/15,44.98,45.540001
7/14/15,45.450001,45.619999
7/15/15,45.68,45.759998
7/16/15,46.009998,46.66
7/17/15,46.549999,46.619999
7/20/15,46.650002,46.919998
7/21/15,46.779999,47.279999
7/22/15,45.439999,45.540001
7/23/15,45.27,46.110001
7/24/15,45.91,45.939999
7/27/15,45.939999,45.349998
7/28/15,45.580002,45.34
7/29/15,45.400002,46.290001
7/30/15,46.259998,46.880001
7/31/15,47.290001,46.700001
8/3/15,46.98,46.810001
8/4/15,46.75,47.540001
8/5/15,47.98,47.580002
8/6/15,47.709999,46.619999
8/7/15,46.389999,46.740002
8/10/15,46.950001,47.330002
8/11/15,46.82,46.41
8/12/15,46.189999,46.740002
8/13/15,47.060001,46.73
8/14/15,46.529999,47
8/17/15,46.810001,47.32
8/18/15,46.84,47.27
8/19/15,46.779999,46.610001
8/20/15,46.07,45.66
8/21/15,45.299999,43.07
8/24/15,40.450001,41.68
8/25/15,42.57,40.470001
8/26/15,42.009998,42.709999
8/27/15,43.23,43.900002
8/28/15,43.400002,43.93
8/31/15,43.560001,43.52
9/1/15,42.169998,41.82
9/2/15,42.360001,43.360001
9/3/15,43.41,43.5
9/4/15,42.810001,42.610001
9/8/15,43.299999,43.889999
9/9/15,44.209999,43.07
9/10/15,43.119999,43.290001
9/11/15,43.139999,43.48
9/14/15,43.43,43.040001
9/15/15,43.189999,43.98
9/16/15,43.970001,44.299999
9/17/15,44.290001,44.25
9/18/15,43.5,43.48
9/21/15,43.619999,44.110001
9/22/15,43.380001,43.900002
9/23/15,43.93,43.869999
9/24/15,43.450001,43.91
9/25/15,44.48,43.939999
9/28/15,43.830002,43.290001
9/29/15,43.369999,43.439999
9/30/15,43.880001,44.259998
10/1/15,44.75,44.610001
10/2/15,44.27,45.57
10/5/15,45.75,46.630001
10/6/15,46.330002,46.75
10/7/15,47.099998,46.799999
10/8/15,46.560001,47.450001
10/9/15,47.450001,47.110001
10/12/15,46.98,47
10/13/15,46.560001,46.889999
10/14/15,46.650002,46.68
10/15/15,47.009998,47.009998
10/16/15,47.02,47.509998
10/19/15,47.419998,47.619999
10/20/15,47.439999,47.77
10/21/15,47.919998,47.200001
10/22/15,47.529999,48.029999
10/23/15,52.299999,52.869999
10/26/15,52.529999,54.25
10/27/15,53.990002,53.689999
10/28/15,53.540001,53.98
10/29/15,53.540001,53.360001
10/30/15,53.32,52.639999
11/2/15,52.849998,53.240002
11/3/15,52.93,54.150002
11/4/15,54.18,54.400002
11/5/15,54.490002,54.380001
11/6/15,54.09,54.919998
11/9/15,54.549999,54.16
11/10/15,54.07,53.509998
11/11/15,53.700001,53.650002
11/12/15,53.48,53.32
11/13/15,53.07,52.84
11/16/15,53.080002,53.77
11/17/15,53.169998,52.970001
11/18/15,53,53.849998
11/19/15,53.990002,53.939999
11/20/15,54.25,54.189999
11/23/15,54.25,54.189999
11/24/15,53.919998,54.25
11/25/15,54.09,53.689999
11/27/15,53.799999,53.93
11/30/15,54.540001,54.349998
12/1/15,54.41,55.220001
12/2/15,55.32,55.209999
12/3/15,55.490002,54.200001
12/4/15,54.119999,55.91
12/7/15,55.790001,55.810001
12/8/15,55.470001,55.790001
12/9/15,55.369999,54.98
12/10/15,55.389999,55.27
12/11/15,54.709999,54.060001
12/14/15,54.330002,55.139999
12/15/15,55.66,55.200001
12/16/15,55.540001,56.130001
12/17/15,56.360001,55.700001
12/18/15,55.77,54.130001
12/21/15,54.880001,54.830002
12/22/15,54.990002,55.349998
12/23/15,55.700001,55.82
12/24/15,55.860001,55.669998
12/28/15,55.349998,55.950001
12/29/15,56.290001,56.549999
12/30/15,56.470001,56.310001
12/31/15,56.040001,55.48
1/4/16,54.32,54.799999
1/5/16,54.93,55.049999
1/6/16,54.32,54.049999
1/7/16,52.700001,52.169998
1/8/16,52.369999,52.330002
1/11/16,52.509998,52.299999
1/12/16,52.759998,52.779999
1/13/16,53.799999,51.639999
1/14/16,52,53.110001
1/15/16,51.310001,50.990002
1/19/16,51.48,50.560001
1/20/16,49.98,50.790001
1/21/16,51,50.48
1/22/16,51.41,52.290001
1/25/16,51.939999,51.790001
1/26/16,51.790001,52.169998
1/27/16,52.009998,51.220001
1/28/16,51.860001,52.060001
1/29/16,54.73,55.09
2/1/16,54.880001,54.709999
2/2/16,54.169998,53
2/3/16,53.25,52.16
2/4/16,52.099998,52
2/5/16,51.939999,50.16
2/8/16,49.549999,49.41
2/9/16,49.02,49.279999
2/10/16,49.889999,49.709999
2/11/16,48.68,49.689999
2/12/16,50.25,50.5
2/16/16,50.900002,51.09
2/17/16,51.490002,52.419998
2/18/16,52.330002,52.189999
2/19/16,51.970001,51.82
2/22/16,52.279999,52.650002
2/23/16,52.34,51.18
2/24/16,50.689999,51.360001
2/25/16,51.73,52.099998
2/26/16,52.599998,51.299999
2/29/16,51.349998,50.880001
3/1/16,50.970001,52.580002
3/2/16,52.41,52.950001
3/3/16,52.970001,52.349998
3/4/16,52.400002,52.029999
3/7/16,51.560001,51.029999
3/8/16,50.799999,51.650002
3/9/16,51.889999,52.84
3/10/16,52.93,52.049999
3/11/16,53,53.07
3/14/16,52.709999,53.169998
3/15/16,52.75,53.59
3/16/16,53.450001,54.349998
3/17/16,54.209999,54.66
3/18/16,54.919998,53.490002
3/21/16,53.25,53.860001
3/22/16,53.610001,54.07
3/23/16,54.110001,53.970001
3/24/16,53.84,54.209999
3/28/16,54.209999,53.540001
3/29/16,53.66,54.709999
3/30/16,54.93,55.049999
3/31/16,54.950001,55.23
4/1/16,55.049999,55.57
4/4/16,55.43,55.43
4/5/16,55.189999,54.560001
4/6/16,54.360001,55.119999
4/7/16,54.869999,54.459999
4/8/16,54.669998,54.419998
4/11/16,54.490002,54.310001
4/12/16,54.369999,54.650002
4/13/16,55.119999,55.349998
4/14/16,55.220001,55.360001
4/15/16,55.299999,55.650002
4/18/16,55.490002,56.459999
4/19/16,56.630001,56.389999
4/20/16,56.290001,55.59
4/21/16,55.799999,55.779999
4/22/16,51.91,51.779999
4/25/16,51.779999,52.110001
4/26/16,52.259998,51.439999
4/27/16,51.48,50.939999
4/28/16,50.619999,49.900002
4/29/16,49.349998,49.869999
5/2/16,50,50.610001
5/3/16,50.34,49.779999
5/4/16,49.84,49.869999
5/5/16,49.869999,49.939999
5/6/16,49.919998,50.389999
5/9/16,50.490002,50.07
5/10/16,50.330002,51.02
5/11/16,51.130001,51.049999
5/12/16,51.200001,51.509998
5/13/16,51.439999,51.080002
5/16/16,50.799999,51.830002
5/17/16,51.720001,50.509998
5/18/16,50.48,50.810001
5/19/16,50.470001,50.32
5/20/16,50.48,50.619999
5/23/16,50.599998,50.029999
5/24/16,50.700001,51.59
5/25/16,51.919998,52.119999
5/26/16,51.93,51.889999
5/27/16,51.919998,52.32
5/31/16,52.259998,53
6/1/16,52.439999,52.849998
6/2/16,52.639999,52.48
6/3/16,52.380001,51.790001
6/6/16,51.990002,52.130001
6/7/16,52.240002,52.099998
6/8/16,52.02,52.040001
6/9/16,52,51.619999
6/10/16,51.049999,51.48
6/13/16,49.580002,50.139999
6/14/16,49.900002,49.830002
6/15/16,49.779999,49.689999
6/16/16,49.52,50.389999
6/17/16,50.41,50.130001
6/20/16,50.639999,50.07
6/21/16,50.200001,51.189999
6/22/16,51.080002,50.990002
6/23/16,51.279999,51.91
6/24/16,49.810001,49.830002
6/27/16,49.099998,48.43
6/28/16,48.919998,49.439999
6/29/16,49.91,50.540001
6/30/16,50.720001,51.169998
7/1/16,51.130001,51.16
7/5/16,50.830002,51.169998
7/6/16,50.779999,51.380001
7/7/16,51.419998,51.380001
7/8/16,51.73,52.299999
7/11/16,52.5,52.59
7/12/16,52.939999,53.209999
7/13/16,53.560001,53.509998
7/14/16,53.84,53.740002
7/15/16,53.950001,53.700001
7/18/16,53.700001,53.959999
7/19/16,53.709999,53.09
7/20/16,56.150002,55.91
7/21/16,55.98,55.799999
7/22/16,56.080002,56.57
7/25/16,56.470001,56.73
7/26/16,56.52,56.759998
7/27/16,56.610001,56.189999
7/28/16,56,56.209999
7/29/16,56.259998,56.68
8/1/16,56.599998,56.580002
8/2/16,56.849998,56.580002
8/3/16,56.68,56.970001
8/4/16,56.799999,57.389999
8/5/16,57.650002,57.959999
8/8/16,58.060001,58.060001
8/9/16,58.169998,58.200001
8/10/16,58.16,58.02
8/11/16,58.029999,58.299999
8/12/16,58.029999,57.939999
8/15/16,58.009998,58.119999
8/16/16,57.610001,57.439999
8/17/16,57.540001,57.560001
8/18/16,57.419998,57.599998
8/19/16,57.43,57.619999
8/22/16,57.599998,57.669998
8/23/16,57.900002,57.889999
8/24/16,57.799999,57.950001
8/25/16,57.880001,58.169998
8/26/16,58.279999,58.029999
8/29/16,58.18,58.099998
8/30/16,57.98,57.889999
8/31/16,57.650002,57.459999
9/1/16,57.009998,57.59
9/2/16,57.669998,57.669998
9/6/16,57.779999,57.610001
9/7/16,57.470001,57.66
9/8/16,57.630001,57.43
9/9/16,56.790001,56.209999
9/12/16,56,57.049999
9/13/16,56.5,56.529999
9/14/16,56.389999,56.259998
9/15/16,56.150002,57.189999
9/16/16,57.630001,57.25
9/19/16,57.27,56.93
9/20/16,57.349998,56.810001
9/21/16,57.509998,57.759998
9/22/16,57.919998,57.82
9/23/16,57.869999,57.43
9/26/16,57.080002,56.900002
9/27/16,56.93,57.950001
9/28/16,57.880001,58.029999
9/29/16,57.810001,57.400002
9/30/16,57.57,57.599998
10/3/16,57.41,57.419998
10/4/16,57.27,57.240002
10/5/16,57.290001,57.639999
10/6/16,57.740002,57.740002
10/7/16,57.849998,57.799999
10/10/16,57.91,58.040001
10/11/16,57.889999,57.189999
10/12/16,57.110001,57.110001
10/13/16,56.700001,56.919998
10/14/16,57.119999,57.419998
10/17/16,57.360001,57.220001
10/18/16,57.529999,57.66
10/19/16,57.470001,57.529999
10/20/16,57.5,57.25
10/21/16,60.279999,59.66
10/24/16,59.939999,61
10/25/16,60.849998,60.990002
10/26/16,60.810001,60.630001
10/27/16,60.610001,60.099998
10/28/16,60.009998,59.869999
10/31/16,60.16,59.919998
11/1/16,59.970001,59.799999
11/2/16,59.82,59.43
11/3/16,59.529999,59.209999
11/4/16,58.650002,58.709999
11/7/16,59.779999,60.419998
11/8/16,60.549999,60.470001
11/9/16,60,60.169998
11/10/16,60.48,58.700001
11/11/16,58.23,59.02
11/14/16,59.02,58.119999
11/15/16,58.330002,58.869999
11/16/16,58.939999,59.650002
11/17/16,60.41,60.639999
11/18/16,60.779999,60.349998
11/21/16,60.5,60.860001
11/22/16,60.98,61.119999
11/23/16,61.009998,60.400002
11/25/16,60.299999,60.529999
11/28/16,60.34,60.610001
11/29/16,60.650002,61.09
11/30/16,60.860001,60.259998
12/1/16,60.110001,59.200001
12/2/16,59.080002,59.25
12/5/16,59.700001,60.220001
12/6/16,60.43,59.950001
12/7/16,60.009998,61.369999
12/8/16,61.299999,61.009998
12/9/16,61.18,61.970001
12/12/16,61.82,62.169998
12/13/16,62.5,62.98
12/14/16,63,62.68
12/15/16,62.700001,62.580002
12/16/16,62.950001,62.299999
12/19/16,62.560001,63.619999
12/20/16,63.689999,63.540001
12/21/16,63.43,63.540001
12/22/16,63.84,63.549999
12/23/16,63.450001,63.240002
12/27/16,63.209999,63.279999
12/28/16,63.400002,62.990002
12/29/16,62.860001,62.900002
12/30/16,62.959999,62.139999
1/3/17,62.790001,62.580002
1/4/17,62.48,62.299999
1/5/17,62.189999,62.299999
1/6/17,62.299999,62.84
1/9/17,62.759998,62.639999
1/10/17,62.73,62.619999
1/11/17,62.610001,63.189999
1/12/17,63.060001,62.610001
1/13/17,62.619999,62.700001
1/17/17,62.68,62.529999
1/18/17,62.669998,62.5
1/19/17,62.240002,62.299999
1/20/17,62.669998,62.740002
1/23/17,62.700001,62.959999
1/24/17,63.200001,63.52
1/25/17,63.950001,63.68
1/26/17,64.120003,64.269997
1/27/17,65.389999,65.779999
1/30/17,65.690002,65.129997
1/31/17,64.860001,64.650002
2/1/17,64.360001,63.580002
2/2/17,63.25,63.169998
2/3/17,63.5,63.68
2/6/17,63.5,63.639999
2/7/17,63.740002,63.43
2/8/17,63.57,63.34
2/9/17,63.52,64.059998
2/10/17,64.25,64
2/13/17,64.239998,64.720001
2/14/17,64.410004,64.57
2/15/17,64.5,64.529999
2/16/17,64.739998,64.519997
2/17/17,64.470001,64.620003
2/21/17,64.610001,64.489998
2/22/17,64.330002,64.360001
2/23/17,64.419998,64.620003
2/24/17,64.529999,64.620003
2/27/17,64.540001,64.230003
2/28/17,64.080002,63.98
3/1/17,64.129997,64.940002
3/2/17,64.690002,64.010002
3/3/17,63.990002,64.25
3/6/17,63.970001,64.269997
3/7/17,64.190002,64.400002
3/8/17,64.260002,64.989998
3/9/17,65.190002,64.730003
3/10/17,65.110001,64.93
3/13/17,65.010002,64.709999
3/14/17,64.529999,64.410004
3/15/17,64.550003,64.75
3/16/17,64.75,64.639999
3/17/17,64.910004,64.870003
3/20/17,64.910004,64.93
3/21/17,65.190002,64.209999
3/22/17,64.120003,65.029999
3/23/17,64.940002,64.870003
3/24/17,65.360001,64.980003
3/27/17,64.629997,65.099998
3/28/17,64.959999,65.290001
3/29/17,65.120003,65.470001
3/30/17,65.419998,65.709999
3/31/17,65.650002,65.860001
4/3/17,65.809998,65.550003
4/4/17,65.389999,65.730003
4/5/17,66.300003,65.559998
4/6/17,65.599998,65.730003
4/7/17,65.849998,65.68
4/10/17,65.610001,65.529999
4/11/17,65.599998,65.480003