2/19/13,61.790001,61.869999
2/20/13,61.98,62.650002
2/21/13,62.68,63.400002
2/22/13,63.48,63.599998
2/25/13,63.630001,62.889999
2/26/13,63.099998,64.050003
2/27/13,62.310001,63.119999
2/28/13,63.23,62.959999
3/1/13,63.220001,64.129997
3/4/13,64.879997,66.440002
3/5/13,66.5,66.68
3/6/13,66.720001,66.120003
3/7/13,66.220001,65.849998
3/8/13,66.110001,66.349998
3/11/13,66.349998,67.339996
3/12/13,67.18,67.110001
3/13/13,66.790001,67.43
3/14/13,67.5,67.339996
3/15/13,67.050003,66.800003
3/18/13,66.519997,66.760002
3/19/13,67.010002,66.459999
3/20/13,66.970001,68.519997
3/21/13,68.120003,68.050003
3/22/13,68.239998,68.419998
3/25/13,68.730003,68.410004
3/26/13,68.419998,68.610001
3/27/13,68.489998,69.050003
3/28/13,69.190002,68.449997
4/1/13,68.300003,68.660004
4/2/13,68.959999,68.830002
4/3/13,68,67.980003
4/4/13,68.190002,68.790001
4/5/13,68.269997,68.849998
4/8/13,68.900002,69.260002
4/9/13,69.379997,68.919998
4/10/13,69.010002,68.860001
4/11/13,69.080002,69.120003
4/12/13,69.040001,69.489998
4/15/13,69.190002,68.480003
4/16/13,67.650002,68.379997
4/17/13,68.379997,68.760002
4/18/13,68.730003,68.290001
4/19/13,68.809998,69.040001
4/22/13,68.93,69.099998
4/23/13,69.209999,69.690002
4/24/13,69.900002,69.709999
4/25/13,69.949997,70.669998
4/26/13,70.540001,70.519997
4/29/13,70.599998,70.639999
4/30/13,70.540001,70.559998
5/1/13,70.449997,70.540001
5/2/13,69.540001,69.190002
5/3/13,69.660004,70.5
5/6/13,70.360001,70.029999
5/7/13,70.239998,70.550003
5/8/13,70.449997,69.800003
5/9/13,69.900002,69.480003
5/10/13,68.93,69.739998
5/13/13,69.470001,69.440002
5/14/13,69.470001,69.440002
5/15/13,69.57,70.389999
5/16/13,69.830002,70
5/17/13,70.019997,71.059998
5/20/13,70.910004,70.650002
5/21/13,70.68,71.260002
5/22/13,69.510002,68.400002
5/23/13,67.75,68.669998
5/24/13,68.470001,69.720001
5/28/13,70.300003,69.510002
5/29/13,69.379997,69.419998
5/30/13,69.480003,69.82
5/31/13,69.720001,69.5
6/3/13,69.5,71.050003
6/4/13,71.870003,71.510002
6/5/13,71.580002,70.169998
6/6/13,70.260002,70.260002
6/7/13,70.489998,70.360001
6/10/13,70.330002,69.879997
6/11/13,69.559998,70
6/12/13,70.349998,69.43
6/13/13,69.43,69.589996
6/14/13,69.379997,69.029999
6/17/13,69.089996,69.860001
6/18/13,69.849998,70.160004
6/19/13,70.150002,68.879997
6/20/13,68.410004,68.660004
6/21/13,69.089996,68.830002
6/24/13,68.190002,68.290001
6/25/13,68.620003,69.129997
6/26/13,69.5,69.120003
6/27/13,69.559998,68.790001
6/28/13,68.639999,68.860001
7/1/13,69.190002,69.330002
7/2/13,69.379997,69.559998
7/3/13,69.18,69.379997
7/5/13,69.860001,70.25
7/8/13,70.459999,71.18
7/9/13,71.220001,71.769997
7/10/13,71.82,72.029999
7/11/13,72.440002,72.57
7/12/13,71.849998,72.559998
7/15/13,72.480003,72.349998
7/16/13,72.459999,72.07
7/17/13,72.129997,72.610001
7/18/13,72.739998,72.419998
7/19/13,72.550003,72.550003
7/22/13,72.639999,73.029999
7/23/13,73,73.25
7/24/13,73.410004,73.32
7/25/13,73.07,71.82
7/26/13,71.57,71.459999
7/29/13,71.559998,71.510002
7/30/13,71.629997,71.419998
7/31/13,71.599998,71.25
8/1/13,71.690002,71.580002
8/2/13,71.519997,71.5
8/5/13,71.510002,71.989998
8/6/13,71.870003,71.790001
8/7/13,71.699997,71.68
8/8/13,71.690002,71.220001
8/9/13,71.209999,70.720001
8/12/13,70.480003,70.760002
8/13/13,70.779999,71.190002
8/14/13,70.690002,70.040001
8/15/13,69.300003,69.080002
8/16/13,68.82,68.580002
8/19/13,68.239998,68.239998
8/20/13,68.239998,67.949997
8/21/13,66.419998,65.5
8/22/13,64.940002,64.239998
8/23/13,64.639999,64.349998
8/26/13,64.529999,64.129997
8/27/13,63.57,63.259998
8/28/13,63.279999,63.27
8/29/13,63.209999,63.150002
8/30/13,63.25,63.310001
9/3/13,63.540001,63.59
9/4/13,63.59,63.549999
9/5/13,63.66,63.459999
9/6/13,63.57,63.290001
9/9/13,63.360001,63.93
9/10/13,64.449997,64.730003
9/11/13,64.730003,64.989998
9/12/13,65.129997,64.089996
9/13/13,64.239998,63.759998
9/16/13,64.279999,63.790001
9/17/13,63.889999,64.379997
9/18/13,64.230003,65.480003
9/19/13,65.589996,65.389999
9/20/13,65.339996,64.550003
9/23/13,64.540001,64.400002
9/24/13,64.089996,63.91
9/25/13,63.959999,63.240002
9/26/13,63.419998,63.369999
9/27/13,63.360001,63.939999
9/30/13,63.52,63.98
10/1/13,63.939999,63.91
10/2/13,63.720001,63.650002
10/3/13,63.599998,63.450001
10/4/13,63.439999,63.41
10/7/13,63.119999,62.68
10/8/13,62.720001,62.130001
10/9/13,62.220001,62.689999
10/10/13,63.16,63.450001
10/11/13,63.139999,63.209999
10/14/13,62.799999,63.650002
10/15/13,63.509998,62.93
10/16/13,63.099998,63.900002
10/17/13,63.650002,64.860001
10/18/13,65.169998,64.669998
10/21/13,64.720001,64.699997
10/22/13,64.790001,65.120003
10/23/13,65,64.269997
10/24/13,64.419998,64.129997
10/25/13,64.160004,64.07
10/28/13,63.869999,64.879997
10/29/13,64.809998,64.32
10/30/13,64.339996,65.709999
10/31/13,66.059998,64.790001
11/1/13,64.889999,64.620003
11/4/13,64.970001,65.220001
11/5/13,65.099998,64.629997
11/6/13,65.050003,65.699997
11/7/13,65.889999,64.82
11/8/13,64.75,65.110001
11/11/13,65.110001,65.690002
11/12/13,65.669998,65.440002
11/13/13,65.419998,66.870003
11/14/13,66.5,66.669998
11/15/13,66.690002,66.889999
11/18/13,66.709999,66.449997
11/19/13,66.419998,66.629997
11/20/13,66.839996,66.489998
11/21/13,64.339996,64.190002
11/22/13,63.610001,63.700001
11/25/13,63.700001,63.759998
11/26/13,63.830002,63.869999
11/27/13,63.990002,64.410004
11/29/13,64.959999,63.93
12/2/13,63.98,62.73
12/3/13,62.34,62.82
12/4/13,62.450001,63.310001
12/5/13,63.049999,62.630001
12/6/13,62.98,63.380001
12/9/13,63.34,63.240002
12/10/13,63.259998,63.16
12/11/13,63.32,62.93
12/12/13,62.939999,62.889999
12/13/13,63.23,62.360001
12/16/13,62.439999,62.169998
12/17/13,62.119999,61.650002
12/18/13,62.52,63.549999
12/19/13,62.220001,62.150002
12/20/13,62.119999,62.490002
12/23/13,62,61.880001
12/24/13,61.599998,61.709999
12/26/13,61.740002,62.48
12/27/13,62.790001,62.150002
12/30/13,62.450001,62.470001
12/31/13,62.57,63.27
1/2/14,63.529999,63.18
1/3/14,63.619999,63.490002
1/6/14,63.68,63.060001
1/7/14,63.029999,62.91
1/8/14,62.810001,62.689999
1/9/14,62.889999,63.34
1/10/14,62.889999,62.619999
1/13/14,62.119999,61.5
1/14/14,61.509998,61.709999
1/15/14,61.860001,61.560001
1/16/14,61.439999,60.810001
1/17/14,60.93,60.240002
1/21/14,59.799999,59.200001
1/22/14,59.779999,58.98
1/23/14,58.5,58.650002
1/24/14,58.560001,57.720001
1/27/14,57.73,57.709999
1/28/14,57.849998,57.889999
1/29/14,57.669998,56.889999
1/30/14,57.110001,56.669998
1/31/14,56.41,56.639999
2/3/14,56.860001,55.41
2/4/14,55.869999,55.119999
2/5/14,55.060001,55.07
2/6/14,55.130001,55.860001
2/7/14,56.110001,56.330002
2/10/14,56.34,56.509998
2/11/14,56.66,57.139999
2/12/14,57.169998,56.950001
2/13/14,56.970001,56.860001
2/14/14,56.66,56.060001
2/18/14,56.419998,56.389999
2/19/14,56.360001,57.310001
2/20/14,57.400002,56.619999
2/21/14,56.720001,56.240002
2/24/14,56.189999,56.139999
2/25/14,55.959999,56.509998
2/26/14,58.580002,60.490002
2/27/14,60.419998,60.66
2/28/14,60.610001,62.540001
3/3/14,61.939999,61.959999
3/4/14,62.509998,61.330002
3/5/14,61.650002,60.599998
3/6/14,60.610001,60.740002
3/7/14,60.84,60.75
3/10/14,60.82,61.16
3/11/14,61.25,60.939999
3/12/14,60.540001,61.099998
3/13/14,61.080002,59.73
3/14/14,59.599998,59.360001
3/17/14,59.59,59.669998
3/18/14,59.799999,59.720001
3/19/14,59.759998,59.48
3/20/14,59.529999,59.700001
3/21/14,60.119999,59.450001
3/24/14,59.880001,59.459999
3/25/14,59.59,59.060001
3/26/14,59.220001,59.200001
3/27/14,59.57,59.740002
3/28/14,59.740002,59.98
3/31/14,60.240002,60.509998
4/1/14,60.740002,60.57
4/2/14,60.5,60.889999
4/3/14,61.299999,61.720001
4/4/14,61.93,61.139999
4/7/14,61.060001,60.5
4/8/14,60.330002,61.5
4/9/14,61.77,61.209999
4/10/14,61.830002,59.669998
4/11/14,59.599998,58.900002
4/14/14,59.25,59.419998
4/15/14,59.650002,59.48
4/16/14,59.869999,59.91
4/17/14,59.709999,60
4/21/14,59.869999,59.759998
4/22/14,59.82,60.32
4/23/14,60.32,60.740002
4/24/14,60.849998,61.450001
4/25/14,60.990002,61.259998
4/28/14,60.98,62.18
4/29/14,62.299999,61.970001
4/30/14,61.830002,61.75
5/1/14,61.849998,61.740002
5/2/14,61.860001,62.009998
5/5/14,61.02,59.869999
5/6/14,59.23,57.639999
5/7/14,57.860001,58.130001
5/8/14,58.290001,58.32
5/9/14,58.290001,59.130001
5/12/14,59.290001,59.639999
5/13/14,59.619999,59.560001
5/14/14,59.560001,59.27
5/15/14,58.59,58.18
5/16/14,58.290001,58.639999
5/19/14,58.169998,58.290001
5/20/14,57.919998,56.610001
5/21/14,56.990002,57.200001
5/22/14,57.07,55.990002
5/23/14,56.150002,55.689999
5/27/14,55.889999,55.77
5/28/14,56,55.34
5/29/14,55.400002,55.880001
5/30/14,55.919998,56.759998
6/2/14,56.900002,56.490002
6/3/14,56.529999,56.790001
6/4/14,56.630001,57.18
6/5/14,57.259998,57.490002
6/6/14,57.5,57.68
6/9/14,57.779999,57.599998
6/10/14,57.580002,56.860001
6/11/14,56.709999,57.080002
6/12/14,57.139999,57.240002
6/13/14,57.349998,57.23
6/16/14,57.23,57.740002
6/17/14,57.599998,58.169998
6/18/14,58.299999,58.700001
6/19/14,58.720001,58.740002
6/20/14,58.709999,58.290001
6/23/14,58.119999,58.419998
6/24/14,58.18,58.700001
6/25/14,58.509998,58.060001
6/26/14,58.07,57.869999
6/27/14,57.77,58.119999
6/30/14,58.09,57.950001
7/1/14,58.389999,58.369999
7/2/14,58.5,58.77
7/3/14,59.119999,59.509998
7/7/14,59.360001,59.990002
7/8/14,59.75,59.799999
7/9/14,59.57,60.049999
7/10/14,59.459999,59.93
7/11/14,59.959999,60
7/14/14,60.139999,60.18
7/15/14,60.549999,60.709999
7/16/14,60.740002,60.139999
7/17/14,59.990002,59.720001
7/18/14,59.82,60.009998
7/21/14,59.98,59.299999
7/22/14,59.419998,59.380001
7/23/14,59.450001,60.73
7/24/14,60.740002,60.990002
7/25/14,60.759998,60.389999
7/28/14,60.400002,60.299999
7/29/14,60.349998,61.099998
7/30/14,61.310001,61.380001
7/31/14,61,59.59
8/1/14,59.32,59.849998
8/4/14,60.169998,60.700001
8/5/14,58.450001,58.029999
8/6/14,57.48,57.970001
8/7/14,58.259998,57.5
8/8/14,57.889999,58.540001
8/11/14,58.599998,58.360001
8/12/14,58.349998,58.459999
8/13/14,58.43,58.259998
8/14/14,58.200001,58.740002
8/15/14,58.740002,58.200001
8/18/14,58.049999,58.549999
8/19/14,58.84,59.25
8/20/14,58.5,60.330002
8/21/14,60.400002,61.07
8/22/14,61.139999,61.049999
8/25/14,61.299999,60.98
8/26/14,61.049999,60.700001
8/27/14,60.73,60.790001
8/28/14,60.48,60.349998
8/29/14,60.720001,60.07
9/2/14,60.279999,60.189999
9/3/14,60.529999,60.389999
9/4/14,60.380001,61.029999
9/5/14,61,61.080002
9/8/14,60.900002,60.560001
9/9/14,60.470001,60.880001
9/10/14,61.009998,61.950001
9/11/14,61.830002,62.59
9/12/14,62.540001,62.529999
9/15/14,62.43,62.209999
9/16/14,62.07,62.860001
9/17/14,62.869999,62.869999
9/18/14,63.23,63.93
9/19/14,64.230003,63.810001
9/22/14,63.540001,63.360001
9/23/14,63.32,63.080002
9/24/14,63,63.880001
9/25/14,63.630001,62.880001
9/26/14,63.200001,63.150002
9/29/14,62.57,63.040001
9/30/14,62.860001,62.68
10/1/14,62.68,62.07
10/2/14,62.139999,62.57
10/3/14,63.09,63.07
10/6/14,63.029999,62.279999
10/7/14,62.02,61.540001
10/8/14,61.68,62.810001
10/9/14,62.75,61.599998
10/10/14,61.68,60.59
10/13/14,60.549999,60.439999
10/14/14,60.959999,61.689999
10/15/14,60.860001,59.98
10/16/14,58.830002,59.439999
10/17/14,59.93,59.07
10/20/14,58.959999,60.290001
10/21/14,60.689999,61.639999
10/22/14,61.77,61.330002
10/23/14,61.790001,62.029999
10/24/14,61.950001,61.57
10/27/14,61.549999,61.560001
10/28/14,61.25,60.650002
10/29/14,60.720001,60.889999
10/30/14,60.810001,61.779999
10/31/14,62.25,61.82
11/3/14,61.82,61.59
11/4/14,61.560001,61.369999
11/5/14,61.849998,61.119999
11/6/14,61.330002,61.889999
11/7/14,62.279999,64.169998
11/10/14,64.839996,65.519997
11/11/14,65.440002,65.720001
11/12/14,65.489998,66.720001
11/13/14,66.959999,67.5
11/14/14,67.330002,68.129997
11/17/14,67.580002,67.129997
11/18/14,66.959999,67.510002
11/19/14,69.949997,72.5
11/20/14,71.339996,71.190002
11/21/14,71.800003,71.510002
11/24/14,71.360001,71.57
11/25/14,71.68,72.099998
11/26/14,71.959999,72.160004
11/28/14,72.559998,74
12/1/14,73.339996,72.75
12/2/14,72.529999,73.07
12/3/14,73,73.330002
12/4/14,73.330002,73.279999
12/5/14,73.519997,73.660004
12/8/14,73.5,73.779999
12/9/14,72.650002,73.599998
12/10/14,73.300003,72.910004
12/11/14,73.660004,73.529999
12/12/14,73.540001,72.400002
12/15/14,73.07,73.199997
12/16/14,73.199997,72.279999
12/17/14,72.879997,73.57
12/18/14,74.300003,74.639999
12/19/14,74.400002,73.949997
12/22/14,73.970001,74.5
12/23/14,74.830002,74.690002
12/24/14,74.790001,74.650002
12/26/14,74.720001,75.059998
12/29/14,75.059998,75.529999
12/30/14,75.440002,75.709999
12/31/14,75.449997,75.910004
1/2/15,76.110001,75.330002
1/5/15,75.169998,73.980003
1/6/15,74.300003,73.970001
1/7/15,74.879997,76.769997
1/8/15,76.809998,77.129997
1/9/15,77.260002,76.43
1/12/15,76.080002,76.629997
1/13/15,76.889999,75.949997
1/14/15,74.610001,74.330002
1/15/15,77.300003,75.669998
1/16/15,75.330002,74.940002
1/20/15,74.940002,73.669998
1/21/15,73.510002,73.949997
1/22/15,74.470001,75.769997
1/23/15,75.889999,75.290001
1/26/15,75.330002,75.25
1/27/15,75,74.760002
1/28/15,75.339996,74.260002
1/29/15,74.260002,75.489998
1/30/15,74.769997,73.610001
2/2/15,73.190002,74.25
2/3/15,74.720001,75.870003
2/4/15,75.610001,75.610001
2/5/15,75.940002,75.949997
2/6/15,76,76.360001
2/9/15,76.050003,75.389999
2/10/15,75.599998,76.650002
2/11/15,76.419998,76.419998
2/12/15,76.400002,76.870003
2/13/15,76.489998,76.120003
2/17/15,75.800003,76.639999
2/18/15,76.75,77.349998
2/19/15,77.230003,76.68
2/20/15,76.550003,76.870003
2/23/15,76.870003,76.690002
2/24/15,76.830002,76.949997
2/25/15,78.080002,77.150002
2/26/15,77.139999,76.900002
2/27/15,77.029999,76.830002
3/2/15,76.830002,77.68
3/3/15,77.279999,78
3/4/15,77.940002,77.720001
3/5/15,77.790001,78.199997
3/6/15,77.82,77.209999
3/9/15,77.110001,78.57
3/10/15,78.269997,77.669998
3/11/15,78.370003,77.779999
3/12/15,78.099998,79.300003
3/13/15,79.290001,79.18
3/16/15,79.660004,80.489998
3/17/15,80.470001,81.029999
3/18/15,80.970001,81.059998
3/19/15,80.459999,80.599998
3/20/15,80.790001,81.309998
3/23/15,81.43,81.230003
3/24/15,81.099998,82
3/25/15,82.080002,81.620003
3/26/15,81.360001,80.440002
3/27/15,80.389999,81.559998
3/30/15,81.910004,82.139999
3/31/15,82.220001,82.07
4/1/15,81.830002,82.089996
4/2/15,82.010002,82.669998
4/6/15,82.870003,83.339996
4/7/15,83.25,82.610001
4/8/15,82.779999,83.139999
4/9/15,83,83.290001
4/10/15,83.330002,83.57
4/13/15,83.459999,82.959999
4/14/15,82.790001,83.059998
4/15/15,83.330002,81.959999
4/16/15,81.93,81.919998
4/17/15,81.410004,80.019997
4/20/15,80.910004,80.93
4/21/15,81.57,81.25
4/22/15,81.330002,81.339996
4/23/15,81.279999,81.93
4/24/15,82.970001,82.699997
4/27/15,82.849998,81.379997
4/28/15,81.279999,81.510002
4/29/15,81.199997,78.870003
4/30/15,78.779999,78.830002
5/1/15,78.699997,79.650002
5/4/15,79.739998,80.18
5/5/15,80.019997,78.970001
5/6/15,79.43,79.120003
5/7/15,79.349998,80.110001
5/8/15,80.800003,80.739998
5/11/15,80.800003,80.610001
5/12/15,80.209999,80.809998
5/13/15,80.559998,79.809998
5/14/15,77.360001,77.260002
5/15/15,77.639999,78.529999
5/18/15,78.279999,78.360001
5/19/15,77.989998,77.919998
5/20/15,79.330002,78.18
5/21/15,78.300003,79.389999
5/22/15,79.589996,79.290001
5/26/15,79.440002,79.080002
5/27/15,79.489998,80.300003
5/28/15,80.419998,80.050003
5/29/15,79.959999,79.32
6/1/15,79.5,79.510002
6/2/15,79.199997,80
6/3/15,80.349998,80.339996
6/4/15,79.980003,79.959999
6/5/15,80.139999,79.199997
6/8/15,79.25,78.889999
6/9/15,78.690002,78.900002
6/10/15,79.669998,79.669998
6/11/15,80,80.07
6/12/15,79.599998,79.470001
6/15/15,80.349998,80.449997
6/16/15,80.480003,80.970001
6/17/15,81.139999,82.099998
6/18/15,82.099998,83.190002
6/19/15,83,83.349998
6/22/15,84.230003,84.230003
6/23/15,84.580002,84.760002
6/24/15,84.720001,84.339996
6/25/15,84.419998,84.5
6/26/15,84.489998,84.080002
6/29/15,83.480003,82.089996
6/30/15,82.650002,81.629997
7/1/15,82.099998,82.989998
7/2/15,83.059998,82.269997
7/6/15,81.849998,82.93
7/7/15,83.089996,84.449997
7/8/15,83.68,83.480003
7/9/15,84.199997,83.040001
7/10/15,84.089996,83.910004
7/13/15,84.669998,84.099998
7/14/15,84.110001,84.099998
7/15/15,84.099998,84.459999
7/16/15,84.75,85.010002
7/17/15,84.699997,84.690002
7/20/15,84.650002,84.230003
7/21/15,84.18,82.279999
7/22/15,82.550003,82.82
7/23/15,82.889999,81.650002
7/24/15,81.870003,80.209999
7/27/15,79.870003,79.489998
7/28/15,80.489998,80.529999
7/29/15,80.690002,81.839996
7/30/15,81.580002,81.93
7/31/15,82.279999,81.849998
8/3/15,81.18,80.389999
8/4/15,80.309998,80.050003
8/5/15,80.629997,80.040001
8/6/15,80,79.540001
8/7/15,79.639999,78.980003
8/10/15,79.449997,78.970001
8/11/15,78.650002,78.870003
8/12/15,78.550003,79
8/13/15,78.730003,78.989998
8/14/15,78.980003,79.349998
8/17/15,78.43,78.980003
8/18/15,78.599998,80.300003
8/19/15,83.949997,80.870003
8/20/15,80.349998,80.660004
8/21/15,80.07,78.400002
8/24/15,73.900002,75.279999
8/25/15,76.760002,73.940002
8/26/15,75.760002,76.839996
8/27/15,77.190002,77.849998
8/28/15,77.790001,78.029999
8/31/15,77.43,77.709999
9/1/15,76.419998,75.389999
9/2/15,76.290001,77.050003
9/3/15,77.529999,77.449997
9/4/15,76.849998,76.419998
9/8/15,77.690002,78.379997
9/9/15,79.050003,77.160004
9/10/15,76.709999,77.07
9/11/15,76.839996,77.879997
9/14/15,77.650002,77.150002
9/15/15,77.389999,77.82
9/16/15,77.779999,78.5
9/17/15,78.779999,78.010002
9/18/15,77.339996,76.620003
9/21/15,77.160004,78.260002
9/22/15,77.599998,78.050003
9/23/15,78,78.760002
9/24/15,78.459999,79.059998
9/25/15,79.610001,79.050003
9/28/15,78.989998,77.669998
9/29/15,77.660004,77.980003
9/30/15,78.82,78.660004
10/1/15,78.349998,79.510002
10/2/15,78.07,79.529999
10/5/15,79.970001,79.510002
10/6/15,79.330002,78.099998
10/7/15,78.589996,78.559998
10/8/15,78.540001,78.690002
10/9/15,78.690002,78.879997
10/12/15,78.879997,79.209999
10/13/15,79.110001,78.959999
10/14/15,79.260002,76.199997
10/15/15,76.120003,75.129997
10/16/15,75.370003,75.050003
10/19/15,75.019997,74.699997
10/20/15,74.830002,74.400002
10/21/15,74.849998,76.400002
10/22/15,76.57,77.110001
10/23/15,77.489998,72.940002
10/26/15,73.25,74.019997
10/27/15,74.040001,74.730003
10/28/15,75.089996,76.230003
10/29/15,76.209999,76.279999
10/30/15,76.169998,77.18
11/2/15,77,77.260002
11/3/15,77.379997,78.230003
11/4/15,78.699997,77.389999
11/5/15,77.139999,78.150002
11/6/15,78.160004,77.220001
11/9/15,77.389999,76.230003
11/10/15,76.419998,77.190002
11/11/15,76.400002,74.870003
11/12/15,74.849998,74.93
11/13/15,73.709999,71.889999
11/16/15,71.199997,72.309998
11/17/15,73.580002,72.910004
11/18/15,71.639999,69.779999
11/19/15,70,70.550003
11/20/15,71.110001,70.830002
11/23/15,71.059998,72.279999
11/24/15,71.870003,72.889999
11/25/15,73.220001,73.160004
11/27/15,73.559998,73.440002
11/30/15,73.779999,72.5
12/1/15,73.07,72.809998
12/2/15,72.800003,71.93
12/3/15,72.010002,73.190002
12/4/15,73.120003,73.900002
12/7/15,73.5,73.389999
12/8/15,73.080002,72.660004
12/9/15,72.25,72.010002
12/10/15,72.349998,72.370003
12/11/15,71.790001,71.839996
12/14/15,71.830002,72.720001
12/15/15,73.059998,72.980003
12/16/15,73.029999,73.800003
12/17/15,73.800003,72.330002
12/18/15,71.860001,71.370003
12/21/15,71.510002,71.709999
12/22/15,72.089996,72.610001
12/23/15,73.040001,73.650002
12/24/15,73.459999,73.169998
12/28/15,73.040001,72.870003
12/29/15,73.470001,74.440002
12/30/15,74.559998,73.620003
12/31/15,73.209999,72.610001
1/4/16,71.839996,73.550003
1/5/16,73.739998,74.839996
1/6/16,73.800003,74.080002
1/7/16,73.580002,73.879997
1/8/16,74.209999,71.379997
1/11/16,71.529999,72.419998
1/12/16,72.970001,73.360001
1/13/16,73.290001,71.639999
1/14/16,71.620003,70.410004
1/15/16,68.830002,70.080002
1/19/16,69.849998,69.239998
1/20/16,68.220001,67.589996
1/21/16,68.07,68.639999
1/22/16,69.18,69.720001
1/25/16,69.769997,68.919998
1/26/16,69.389999,70.440002
1/27/16,70.209999,70.690002
1/28/16,71.309998,70.989998
1/29/16,71.139999,72.419998
2/1/16,71.25,72.830002
2/2/16,72.709999,73.309998
2/3/16,73.860001,72.57
2/4/16,70.669998,70.040001
2/5/16,70.040001,69.559998
2/8/16,69.18,70
2/9/16,69.800003,69.860001
2/10/16,70.43,68.760002
2/11/16,68.32,68.050003
2/12/16,68.029999,69.949997
2/16/16,70.620003,71.5
2/17/16,72.199997,72.099998
2/18/16,70.949997,72.529999
2/19/16,72.199997,72.32
2/22/16,72.32,72.470001
2/23/16,72.830002,73.989998
2/24/16,74.389999,76.940002
2/25/16,77,78.669998
2/26/16,78.900002,78.43
2/29/16,78.269997,78.449997
3/1/16,79.120003,80.959999
3/2/16,80.940002,81.099998
3/3/16,80.510002,79.709999
3/4/16,80.07,81.129997
3/7/16,80.529999,80.82
3/8/16,80.550003,80.529999
3/9/16,81,81.209999
3/10/16,81.610001,81.5
3/11/16,81.889999,81.870003
3/14/16,81.849998,81.769997
3/15/16,81.360001,81.650002
3/16/16,81.889999,82.389999
3/17/16,82.260002,83.019997
3/18/16,83.370003,82.709999
3/21/16,82.5,82.199997
3/22/16,82.389999,81.699997
3/23/16,81.730003,81.5
3/24/16,81.360001,82.040001
3/28/16,82.379997,82.800003
3/29/16,82.860001,82.970001
3/30/16,83.419998,83.599998
3/31/16,82.5,82.279999
4/1/16,81.760002,82.760002
4/4/16,82.889999,82.300003
4/5/16,82.150002,82.099998
4/6/16,82.050003,82.169998
4/7/16,81.949997,81.57
4/8/16,81.260002,80.879997
4/11/16,80.940002,79.769997
4/12/16,79.940002,80.779999
4/13/16,81.110001,81.559998
4/14/16,81.349998,81.779999
4/15/16,82.07,82.599998
4/18/16,82.669998,83.419998
4/19/16,83.5,83.980003
4/20/16,83.940002,82.870003
4/21/16,83.080002,82.75
4/22/16,82.889999,82.330002
4/25/16,82.150002,82.599998
4/26/16,82.639999,82.599998
4/27/16,82.669998,83.290001
4/28/16,82.82,81.330002
4/29/16,80.599998,79.5
5/2/16,79.449997,80.120003
5/3/16,79.970001,79.989998
5/4/16,79.669998,79.709999
5/5/16,79.559998,78.129997
5/6/16,78.129997,78.739998
5/9/16,79.089996,79.93
5/10/16,79.860001,80.050003
5/11/16,77.059998,75.699997
5/12/16,75.330002,75.599998
5/13/16,75.260002,73.879997
5/16/16,73.550003,74.610001
5/17/16,74.650002,73.610001
5/18/16,67.480003,68
5/19/16,68.160004,67.059998
5/20/16,67.389999,68.660004
5/23/16,68.779999,67.93
5/24/16,68.07,68.690002
5/25/16,68.82,69.279999
5/26/16,69.629997,68.910004
5/27/16,68.980003,68.900002
5/31/16,69.279999,68.779999
6/1/16,68.959999,68.410004
6/2/16,67.739998,68.32
6/3/16,68.379997,68.650002
6/6/16,68.620003,68.809998
6/7/16,69.220001,68.239998
6/8/16,68.349998,68.620003
6/9/16,68.580002,67.690002
6/10/16,67.449997,67.879997
6/13/16,67.849998,66.889999
6/14/16,66.669998,66.739998
6/15/16,66.980003,67.269997
6/16/16,67.220001,66.980003
6/17/16,67.010002,67.5
6/20/16,68.110001,67.989998
6/21/16,68.269997,68.300003
6/22/16,68.260002,68.860001
6/23/16,69.370003,69.779999
6/24/16,68.230003,69.349998
6/27/16,69.050003,69.449997
6/28/16,69.709999,69.739998
6/29/16,69.760002,70
6/30/16,70.199997,69.82
7/1/16,69.639999,70.050003
7/5/16,70,69.739998
7/6/16,69.540001,70.510002
7/7/16,70.459999,70.089996
7/8/16,70.669998,71.309998
7/11/16,71.400002,72.540001
7/12/16,72.489998,73.519997
7/13/16,73.519997,73.169998
7/14/16,73.589996,73.489998
7/15/16,73.489998,73.040001
7/18/16,72.879997,73.959999
7/19/16,73.889999,73.949997
7/20/16,74.199997,74.480003
7/21/16,74.410004,74.339996
7/22/16,74.5,74.919998
7/25/16,74.940002,76.300003
7/26/16,76.379997,76.220001
7/27/16,76.379997,75.25
7/28/16,75.040001,74.790001
7/29/16,74.900002,75.330002
8/1/16,74.839996,75.510002
8/2/16,75.959999,73.889999
8/3/16,73.209999,74.099998
8/4/16,74,74.139999
8/5/16,74.510002,74.940002
8/8/16,75,75
8/9/16,73.620003,72.610001
8/10/16,72.879997,73.050003
8/11/16,75.150002,74.010002
8/12/16,74.360001,75.809998
8/15/16,75.580002,75.529999
8/16/16,75.480003,75.480003
8/17/16,70.480003,70.629997
8/18/16,70.43,70.300003
8/19/16,70.110001,70.120003
8/22/16,70.300003,70.389999
8/23/16,70.589996,71.050003
8/24/16,71.230003,71.730003
8/25/16,71.410004,70.809998
8/26/16,70.779999,70.349998
8/29/16,70.43,71.050003
8/30/16,71.050003,70.389999
8/31/16,70.169998,70.190002
9/1/16,70.339996,70.580002
9/2/16,70.949997,70.809998
9/6/16,70.879997,70.099998
9/7/16,69.940002,70.300003
9/8/16,70.300003,69.459999
9/9/16,69.040001,69
9/12/16,68.449997,69.300003
9/13/16,69.099998,68.940002
9/14/16,69.290001,68.199997
9/15/16,68.059998,69.209999
9/16/16,68.919998,69.230003
9/19/16,69.379997,68.889999
9/20/16,69.190002,68.620003
9/21/16,69.150002,69.470001
9/22/16,69.660004,68.559998
9/23/16,68.370003,68.769997
9/26/16,68.449997,67.220001
9/27/16,68.050003,68.290001
9/28/16,68.220001,67.82
9/29/16,67.849998,67.720001
9/30/16,67.769997,68.68
10/3/16,68.5,68.68
10/4/16,68.779999,68.650002
10/5/16,68.620003,67.739998
10/6/16,67.540001,68.410004
10/7/16,68.610001,69.040001
10/10/16,69.410004,68.860001
10/11/16,68.790001,68.389999
10/12/16,68.459999,67.860001
10/13/16,67.669998,67.889999
10/14/16,67.900002,68.110001
10/17/16,67.980003,67.239998
10/18/16,67.550003,67.360001
10/19/16,67.629997,67.529999
10/20/16,67.620003,67.709999
10/21/16,67.43,68.230003
10/24/16,68.330002,68.260002
10/25/16,68,67.949997
10/26/16,67.879997,68.589996
10/27/16,68.589996,67.620003
10/28/16,67.720001,68.830002
10/31/16,68.779999,68.730003
11/1/16,68.660004,67.779999
11/2/16,67.720001,68.260002
11/3/16,68.540001,66.669998
11/4/16,66.720001,66.529999
11/7/16,67.220001,67.529999
11/8/16,67.360001,67.050003
11/9/16,66.290001,68.809998
11/10/16,69.669998,70.540001
11/11/16,70.43,71.349998
11/14/16,71.07,72.169998
11/15/16,72.309998,71.440002
11/16/16,77.5,76.029999
11/17/16,76.18,76.129997
11/18/16,75.900002,76.190002
11/21/16,76.120003,76.510002
11/22/16,76.889999,77.870003
11/23/16,77.93,78.480003
11/25/16,78.849998,78.610001
11/28/16,78.370003,77.720001
11/29/16,78,78.410004
11/30/16,77.730003,77.239998
12/1/16,76.860001,77.82
12/2/16,77.239998,77.940002
12/5/16,78.010002,76.980003
12/6/16,76.910004,76.769997
12/7/16,76.790001,76.970001
12/8/16,77.349998,77.839996
12/9/16,77.440002,77.389999
12/12/16,76.980003,76.739998
12/13/16,77,77.669998
12/14/16,77.449997,77.190002
12/15/16,77.139999,76.980003
12/16/16,77.040001,76.75
12/19/16,76.580002,77.040001
12/20/16,77.349998,77.650002
12/21/16,77.370003,77.129997
12/22/16,76.849998,73.739998
12/23/16,73.980003,73.5
12/27/16,73.830002,73.699997
12/28/16,73.75,72.830002
12/29/16,72.779999,72.620003
12/30/16,72.709999,72.230003
1/3/17,72.660004,72.75
1/4/17,73.099998,73.809998
1/5/17,72.330002,72.559998
1/6/17,71.980003,71.440002
1/9/17,71.550003,71.43
1/10/17,71.379997,71.43
1/11/17,71.68,71.610001
1/12/17,71.43,71.25
1/13/17,71.07,70.190002
1/17/17,70.760002,70.940002
1/18/17,68,66.849998
1/19/17,66.330002,65.389999
1/20/17,65.389999,64.099998
1/23/17,64.07,63.849998
1/24/17,63.849998,64.410004
1/25/17,64.730003,65
1/26/17,64.849998,64.169998
1/27/17,64.550003,63.700001
1/30/17,63.700001,64.120003
1/31/17,63.799999,64.480003
2/1/17,63.98,63.669998
2/2/17,63.91,63.68
2/3/17,63.860001,63.75
2/6/17,63.77,63.419998
2/7/17,63.880001,63.57
2/8/17,63.509998,64.769997
2/9/17,64.769997,66.410004
2/10/17,66.510002,65.730003
2/13/17,65.620003,64.809998
2/14/17,64.519997,65.650002
2/15/17,65.5,65.75
2/16/17,65.769997,65.199997
2/17/17,65.239998,65.790001
2/21/17,66.260002,66.209999
2/22/17,66.059998,65.940002
2/23/17,66.040001,64.980003
2/24/17,65.260002,66.510002
2/27/17,66.389999,66.910004
2/28/17,66.910004,58.77
3/1/17,58.779999,57.830002
3/2/17,58,57.950001
3/3/17,58.240002,57.349998
3/6/17,57.299999,56.099998
3/7/17,56.099998,55.139999
3/8/17,55.439999,55.02
3/9/17,55,55.200001
3/10/17,55.349998,55.360001
3/13/17,55.380001,55.189999
3/14/17,55.200001,54.75
3/15/17,54.599998,54.57
3/16/17,54.400002,54.59
3/17/17,54.700001,54.290001
3/20/17,54.549999,54.369999
3/21/17,54.41,53.389999
3/22/17,53.349998,53.580002
3/23/17,53.48,53.139999
3/24/17,53.25,53.119999
3/27/17,53,53.330002
3/28/17,53.189999,53.599998
3/29/17,53.650002,55.150002
3/30/17,55.060001,55.25
3/31/17,55.200001,55.189999
4/3/17,55.220001,54.029999
4/4/17,53.82,53.43
4/5/17,53.549999,52.75
4/6/17,53.16,53.57
4/7/17,53.470001,53.240002
4/10/17,53.48,53.790001
4/11/17,53.810001,53.709999